Title,Date
"The Office (U.S.): Season 5: Business Trip","6/16/20"
"The Office (U.S.): Season 5: Customer Survey","6/15/20"
"The Office (U.S.): Season 5: Employee Transfer","6/15/20"
"The Office (U.S.): Season 5: Crime Aid","6/15/20"
"The Office (U.S.): Season 5: Baby Shower","6/15/20"
"The Office (U.S.): Season 5: Business Ethics","6/13/20"
"The Office (U.S.): Season 5: Weight Loss: Part 2","6/13/20"
"The Office (U.S.): Season 5: Weight Loss: Part 1","6/13/20"
"The Office (U.S.): Season 4: Goodbye, Toby","6/13/20"
"The Office (U.S.): Season 4: Job Fair","6/13/20"
"The Office (U.S.): Season 4: Did I Stutter","6/13/20"
"The Office (U.S.): Season 4: Night Out","6/13/20"
"The Office (U.S.): Season 4: The Chair Model","6/13/20"
"The Office (U.S.): Season 4: Dinner Party","6/13/20"
"The Office (U.S.): Season 4: The Deposition","6/13/20"
"The Office (U.S.): Season 4: Survivor Man","6/12/20"
"The Office (U.S.): Season 4: Branch Wars","6/12/20"
"The Office (U.S.): Season 4: Local Ad","6/12/20"
"The Office (U.S.): Season 4: Money","6/12/20"
"The Office (U.S.): Season 4: Launch Party","6/11/20"
"The Office (U.S.): Season 4: Dunder Mifflin Infinity","6/11/20"
"The Office (U.S.): Season 4: Fun Run","6/11/20"
"The Office (U.S.): Season 3: The Job","6/11/20"
"The Office (U.S.): Season 3: Beach Games","6/10/20"
"The Office (U.S.): Season 3: Women's Appreciation","6/10/20"
"The Office (U.S.): Season 3: Product Recall","6/10/20"
"The Office (U.S.): Season 3: Safety Training","6/9/20"
"The Office (U.S.): Season 3: The Negotiation","6/9/20"
"The Office (U.S.): Season 3: Cocktails","6/9/20"
"The Office (U.S.): Season 3: Business School","6/9/20"
"The Office (U.S.): Season 3: Phyllis's Wedding","6/9/20"
"The Office (U.S.): Season 3: Ben Franklin","6/9/20"
"The Office (U.S.): Season 3: The Return","6/9/20"
"The Office (U.S.): Season 3: Traveling Salesmen","6/9/20"
"The Office (U.S.): Season 3: Back from Vacation","6/9/20"
"Queer Eye: Season 5: Body Rock or Bust","6/9/20"
"Queer Eye: Season 5: Paging Dr. Yi","6/9/20"
"The Office (U.S.): Season 3: A Benihana Christmas","6/8/20"
"The Office (U.S.): Season 3: The Convict","6/8/20"
"The Office (U.S.): Season 3: The Merger","6/8/20"
"The Office (U.S.): Season 3: Branch Closing","6/8/20"
"The Office (U.S.): Season 3: Diwali","6/8/20"
"The Office (U.S.): Season 3: Initiation","6/8/20"
"Breaking Bad: Season 5: Rabid Dog","6/6/20"
"Breaking Bad: Season 5: Confessions","6/6/20"
"Breaking Bad: Season 5: Buried","6/6/20"
"The Office (U.S.): Season 3: Grief Counseling","6/6/20"
"The Office (U.S.): Season 3: The Coup","6/6/20"
"The Office (U.S.): Season 3: The Convention","6/6/20"
"The Office (U.S.): Season 3: Gay Witch Hunt","6/6/20"
"The Office (U.S.): Season 2: Casino Night","6/6/20"
"The Office (U.S.): Season 2: Conflict Resolution","6/6/20"
"The Office (U.S.): Season 2: Drug Testing","6/6/20"
"The Office (U.S.): Season 2: Michael's Birthday","6/6/20"
"Becoming","6/5/20"
"Love Wedding Repeat","6/4/20"
"Breaking Bad: Season 5: Blood Money","6/4/20"
"Breaking Bad: Season 5: Gliding Over All","6/4/20"
"Breaking Bad: Season 5: Fifty-One","6/4/20"
"The Office (U.S.): Season 2: Take Your Daughter to Work Day","6/4/20"
"The Office (U.S.): Season 2: Dwight's Speech","6/4/20"
"The Office (U.S.): Season 2: Valentine's Day","6/4/20"
"The Office (U.S.): Season 2: Boys and Girls","6/4/20"
"The Office (U.S.): Season 2: The Carpet","6/4/20"
"The Office (U.S.): Season 2: The Secret","6/4/20"
"The Social Network","6/3/20"
"Iron Man & Captain America: Heroes United","6/3/20"
"Breaking Bad: Season 5: Hazard Pay","5/27/20"
"Crash Landing on You: Season 1: Episode 14","5/25/20"
"Crash Landing on You: Season 1: Episode 13","5/25/20"
"Crash Landing on You: Season 1: Episode 12","5/25/20"
"Crash Landing on You: Season 1: Episode 11","5/25/20"
"Crash Landing on You: Season 1: Episode 10","5/25/20"
"Crash Landing on You: Season 1: Episode 9","5/25/20"
"Despicable Me","5/25/20"
"Just Go With It","5/25/20"
"Breaking Bad: Season 5: Madrigal","5/23/20"
"Breaking Bad: Season 5: Live Free Or Die","5/23/20"
"Breaking Bad: Season 4: Face Off","5/23/20"
"Crash Landing on You: Season 1: Episode 8","5/23/20"
"Crash Landing on You: Season 1: Episode 7","5/23/20"
"Crash Landing on You: Season 1: Episode 6","5/23/20"
"Crash Landing on You: Season 1: Episode 5","5/23/20"
"Breaking Bad: Season 4: End Times","5/22/20"
"Breaking Bad: Season 4: Crawl Space","5/22/20"
"Breaking Bad: Season 4: Salud","5/22/20"
"Breaking Bad: Season 4: Bug","5/22/20"
"Breaking Bad: Season 2: 4 Days Out","5/22/20"
"Breaking Bad: Season 2: Down","5/22/20"
"Reply 1997: Season 1: Episode 16","5/16/20"
"Reply 1997: Season 1: Episode 15","5/16/20"
"Reply 1997: Season 1: Episode 14","5/16/20"
"Reply 1997: Season 1: Episode 13","5/16/20"
"Reply 1997: Season 1: Episode 12","5/16/20"
"Reply 1997: Season 1: Episode 11","5/16/20"
"Reply 1997: Season 1: Episode 10","5/16/20"
"Reply 1997: Season 1: Episode 9","5/16/20"
"Reply 1997: Season 1: Episode 8","5/16/20"
"Reply 1997: Season 1: Episode 7","5/16/20"
"Reply 1997: Season 1: Episode 6","5/16/20"
"Reply 1997: Season 1: Episode 5","5/16/20"
"Reply 1997: Season 1: Episode 4","5/16/20"
"Reply 1997: Season 1: Episode 3","5/16/20"
"Reply 1997: Season 1: Episode 2","5/16/20"
"Reply 1997: Season 1: Episode 1","5/16/20"
"Barbra: The Music ... The Mem'ries ... The Magic!","5/9/20"
"Hollywood: Season 1: Hooray for Hollywood","5/4/20"
"Mirror Mirror","5/1/20"
"Avengers: Infinity War","4/28/20"
"The Office (U.S.): Season 2: The Injury","4/24/20"
"The Office (U.S.): Season 2: Booze Cruise","4/24/20"
"The Office (U.S.): Season 2: Christmas Party","4/24/20"
"The Office (U.S.): Season 2: Email Surveillance","4/24/20"
"The Office (U.S.): Season 2: Performance Review","4/24/20"
"The Office (U.S.): Season 2: The Client","4/24/20"
"The Vampire Diaries: Season 5: The Cell","4/24/20"
"The Vampire Diaries: Season 5: Dead Man on Campus","4/24/20"
"Breaking Bad: Season 2: Bit by a Dead Bee","4/23/20"
"Breaking Bad: Season 1: Crazy Handful of Nothin'","4/23/20"
"The Office (U.S.): Season 2: The Fight","4/16/20"
"Breaking Bad: Season 1: Gray Matter","4/16/20"
"Breaking Bad: Season 1: Cancer Man","4/16/20"
"The Good Place: Season 3: Jeremy Bearimy","4/16/20"
"The Good Place: Season 3: The Snowplow","4/16/20"
"The Good Place: Season 3: The Brainy Bunch","4/16/20"
"The Good Place: Season 3: Everything is Bonzer","4/16/20"
"The Good Place: Season 2: Somewhere Else","4/16/20"
"The Good Place: Season 2: The Burrito","4/16/20"
"The Good Place: Season 2: Rhonda, Diana, Jake, and Trent","4/16/20"
"The Good Place: Season 2: Best Self","4/16/20"
"The Good Place: Season 2: Leap to Faith","4/15/20"
"The Good Place: Season 2: Derek","4/15/20"
"The Good Place: Season 2: Janet and Michael","4/15/20"
"The Good Place: Season 2: The Trolley Problem","4/15/20"
"The Good Place: Season 2: Existential Crisis","4/15/20"
"The Good Place: Season 2: Team Cockroach","4/15/20"
"The Good Place: Season 2: Dance Dance Resolution","4/15/20"
"The Good Place: Season 2: Everything Is Great!","4/15/20"
"The Good Place: Season 1: Michael's Gambit","4/15/20"
"The Good Place: Season 1: Mindy St. Claire","4/15/20"
"The Good Place: Season 1: What's My Motivation","4/15/20"
"The Good Place: Season 1: Chidi's Choice","4/15/20"
"The Good Place: Season 1: ...Someone Like Me as a Member","4/15/20"
"The Vampire Diaries: Season 5: Death and the Maiden","4/13/20"
"The Good Place: Season 1: Most Improved Player","4/11/20"
"The Good Place: Season 1: The Eternal Shriek","4/11/20"
"The Good Place: Season 1: What We Owe to Each Other","4/11/20"
"The Good Place: Season 1: Category 55 Emergency Doomsday Crisis","4/11/20"
"The Good Place: Season 1: Jason Mendoza","4/11/20"
"The Vampire Diaries: Season 5: Handle With Care","4/10/20"
"The Vampire Diaries: Season 5: Monster's Ball","4/10/20"
"The Vampire Diaries: Season 5: For Whom the Bell Tolls","4/10/20"
"A Cinderella Story","4/10/20"
"Barbie: Princess Charm School","4/10/20"
"The Vampire Diaries: Season 5: Original Sin","4/7/20"
"The Vampire Diaries: Season 5: True Lies","4/7/20"
"The Vampire Diaries: Season 5: I Know What You Did Last Summer","4/7/20"
"The Vampire Diaries: Season 4: Graduation","4/7/20"
"The Vampire Diaries: Season 4: The Walking Dead","4/7/20"
"The Vampire Diaries: Season 4: She's Come Undone","4/7/20"
"The Vampire Diaries: Season 4: The Originals","4/7/20"
"The Vampire Diaries: Season 4: Pictures of You","4/7/20"
"The Vampire Diaries: Season 4: American Gothic","4/7/20"
"The Vampire Diaries: Season 4: Because the Night","4/7/20"
"The Vampire Diaries: Season 4: Bring It On","4/7/20"
"The Vampire Diaries: Season 4: Stand By Me","4/7/20"
"The Vampire Diaries: Season 4: Down the Rabbit Hole","4/7/20"
"The Vampire Diaries: Season 4: Into the Wild","4/7/20"
"The Vampire Diaries: Season 4: A View to a Kill","4/7/20"
"The Vampire Diaries: Season 4: Catch Me If You Can","4/7/20"
"The Vampire Diaries: Season 4: After School Special","4/7/20"
"The Vampire Diaries: Season 4: O Come, All Ye Faithful","4/7/20"
"The Vampire Diaries: Season 4: We'll Always Have Bourbon Street","4/7/20"
"The Incredibles 2","4/7/20"
"The Vampire Diaries: Season 4: My Brother's Keeper","4/6/20"
"The Vampire Diaries: Season 4: We All Go a Little Mad Sometimes","4/6/20"
"The Vampire Diaries: Season 4: The Killer","4/6/20"
"The Vampire Diaries: Season 4: The Five","4/6/20"
"The Vampire Diaries: Season 4: The Rager","4/6/20"
"The Vampire Diaries: Season 4: Memorial","4/6/20"
"The Vampire Diaries: Season 4: Growing Pains","4/6/20"
"Kingdom: Season 1: Episode 1","4/4/20"
" ","4/4/20"
"The Vampire Diaries: Season 3: The Departed","4/3/20"
"The Office (U.S.): Season 2: The Dundies","4/2/20"
"The Office (U.S.): Season 1: Hot Girl","4/2/20"
"The Vampire Diaries: Season 3: Before Sunset","4/1/20"
"The Vampire Diaries: Season 3: Do Not Go Gentle","4/1/20"
"The Vampire Diaries: Season 3: Heart of Darkness","4/1/20"
"The Vampire Diaries: Season 3: The Murder of One","4/1/20"
"The Vampire Diaries: Season 3: Break On Through","4/1/20"
"Dirty Money: Season 1: Drug Short","3/30/20"
"On My Block: Season 3: Chapter Twenty-Three","3/30/20"
"The Vampire Diaries: Season 3: 1912","3/30/20"
"Dirty Money: Season 1: Payday","3/30/20"
"The Vampire Diaries: Season 3: All My Children","3/30/20"
"The Vampire Diaries: Season 3: Dangerous Liaisons","3/30/20"
"The Vampire Diaries: Season 3: Bringing Out the Dead","3/30/20"
"The Vampire Diaries: Season 3: The Ties That Bind","3/30/20"
"The Vampire Diaries: Season 3: Our Town","3/30/20"
"The Vampire Diaries: Season 3: The New Deal","3/30/20"
"Dirty Money: Season 1: Hard NOx","3/30/20"
"Dirty Money: Season 2: Slumlord Millionaire","3/28/20"
"The Vampire Diaries: Season 3: Homecoming","3/28/20"
"The Vampire Diaries: Season 3: Ordinary People","3/28/20"
"The Vampire Diaries: Season 3: Ghost World","3/28/20"
"The Vampire Diaries: Season 3: Smells Like Teen Spirit","3/28/20"
"The Office (U.S.): Season 1: Basketball","3/28/20"
"The Office (U.S.): Season 1: The Alliance","3/28/20"
"The Office (U.S.): Season 1: Health Care","3/28/20"
"On My Block: Season 3: Chapter Twenty-Two","3/28/20"
"The Office (U.S.): Season 1: Diversity Day","3/27/20"
"The Office (U.S.): Season 1: Pilot","3/27/20"
"The Vampire Diaries: Season 3: The Reckoning","3/27/20"
"On My Block: Season 3: Chapter Twenty-One","3/27/20"
"The Vampire Diaries: Season 3: Disturbing Behavior","3/27/20"
"On My Block: Season 2: Chapter Twenty","3/27/20"
"The Vampire Diaries: Season 3: The End of the Affair","3/27/20"
"The Vampire Diaries: Season 3: The Hybrid","3/27/20"
"The Vampire Diaries: Season 3: The Birthday","3/27/20"
"The Vampire Diaries: Season 2: Brave New World","3/27/20"
"On My Block: Season 2: Chapter Nineteen","3/27/20"
"The Vampire Diaries: Season 2: The Return","3/27/20"
"The Vampire Diaries: Season 1: Pilot","3/27/20"
"On My Block: Season 2: Chapter Eighteen","3/27/20"
"On My Block: Season 2: Chapter Seventeen","3/27/20"
"On My Block: Season 2: Chapter Sixteen","3/26/20"
"On My Block: Season 2: Chapter Fifteen","3/25/20"
"On My Block: Season 2: Chapter Fourteen","3/25/20"
"Crash Landing on You: Season 1: Episode 4","3/23/20"
"Crash Landing on You: Season 1: Episode 2","3/23/20"
"On My Block: Season 2: Chapter Thirteen","3/21/20"
"On My Block: Season 2: Chapter Twelve","3/21/20"
"Schitt's Creek: Season 1: The Drip","3/20/20"
"Schitt's Creek: Season 1: Our Cup Runneth Over","3/20/20"
"The Trials of Gabriel Fernandez: Limited Series: A Shock to the System","3/20/20"
"The Chef Show: Season 1 - Volume 3: Border Grill","3/20/20"
"The Chef Show: Season 1 - Volume 3: Wolfgang Puck","3/20/20"
"Next in Fashion: Season 1: Red Carpet","3/20/20"
"Crash Landing on You: Season 1: Episode 1","3/19/20"
"Ugly Delicious: Season 2: Don’t Call It Curry","3/18/20"
"Ugly Delicious: Season 2: Kids Menu","3/18/20"
"Ugly Delicious: Season 2: Steak","3/18/20"
"Crash Landing on You: Season 1: Episode 3","3/16/20"
"Gilmore Girls: Season 1: Kill Me Now","3/16/20"
"Gilmore Girls: Season 1: The Lorelais' First Day at Chilton","3/16/20"
"The Great British Baking Show: Collection 4: Cake","3/16/20"
"Crash Landing on You: Season 1: Episode 16","3/14/20"
"Crash Landing on You: Season 1: Episode 15","3/14/20"
"The Good Place: Season 1: Tahani Al-Jamil","3/13/20"
"The Good Place: Season 1: Flying","3/13/20"
"The Good Place: Season 1: Everything Is Fine","3/13/20"
"Mary and The Witch's Flower","3/9/20"
"Pokémon: Mewtwo Strikes Back - Evolution","3/9/20"
"Dr. Seuss' The Grinch","3/9/20"
"Love Is Blind: Season 1: Will You Marry Me?","3/5/20"
"Love Is Blind: Season 1: Is Love Blind?","3/4/20"
"I Am Not Okay With This: Season 1: Deepest, Darkest Secret","3/4/20"
"I Am Not Okay With This: Season 1: Like Father, Like Daughter","3/4/20"
"I Am Not Okay With This: Season 1: Another Day in Paradise","3/4/20"
"I Am Not Okay With This: Season 1: Stan by Me","3/4/20"
"I Am Not Okay With This: Season 1: The Party's Over","3/3/20"
"I Am Not Okay With This: Season 1: The Master of One F**k","3/2/20"
"I Am Not Okay With This: Season 1: Dear Diary...","3/2/20"
"The Pharmacist: Limited Series: Tunnel of Hope","3/2/20"
"The Pharmacist: Limited Series: Dope Dealers with White Lab Coats","3/2/20"
"The Pharmacist: Limited Series: A Mission from God","3/2/20"
"The Pharmacist: Limited Series: Justice for Danny","3/2/20"
" ","2/29/20"
"The Trials of Gabriel Fernandez: Limited Series: Gabriel's Voice","2/28/20"
"The Trials of Gabriel Fernandez: Limited Series: Improper Regard or Indifference","2/28/20"
"Bird Box","2/28/20"
"The Trials of Gabriel Fernandez: Limited Series: Death Has Got Him by the Hand","2/28/20"
"The Trials of Gabriel Fernandez: Limited Series: Failure at All Levels","2/28/20"
"The Trials of Gabriel Fernandez: Limited Series: Evil in This Courtroom","2/28/20"
"Gentefied: Season 1: Casimiro","2/26/20"
"Riverdale: Season 2: Chapter Nineteen: Death Proof","2/24/20"
" ","2/22/20"
"Reply 1988: Season 1: Episode 2","2/11/20"
"Reply 1988: Season 1: Episode 1","2/11/20"
"Riverdale: Season 2: Chapter Eighteen: When a Stranger Calls","2/10/20"
"Riverdale: Season 2: Chapter Seventeen: The Town That Dreaded Sundown","2/10/20"
"When the Camellia Blooms: Season 1: The Woman with the Germanium Bracelet","2/10/20"
"My Holo Love: Limited Series: Episode 1","2/10/20"
"Grey's Anatomy: Season 7: With You I'm Born Again","2/8/20"
"The Great British Baking Show: The Beginnings: Season 1: Cakes","2/8/20"
"Riverdale: Season 2: Chapter Sixteen: The Watcher in the Woods","2/8/20"
"Riverdale: Season 2: Chapter Fifteen: Nighthawks","2/7/20"
"The Great British Baking Show: Holidays: Season 2: The Great Festive Baking Show","2/7/20"
"The Great British Baking Show: Collection 5: The Final of GBBS 2017","2/6/20"
"The Great British Baking Show: Collection 5: Patisserie Week","2/5/20"
"The Great British Baking Show: Collection 5: Forgotten Bakes Week","2/3/20"
"Joseph: King of Dreams","2/2/20"
"The Great British Baking Show: Collection 5: Italian Week","2/1/20"
"The Great British Baking Show: Collection 5: Pastry Week","2/1/20"
"The Great British Baking Show: Collection 5: Pudding Week","2/1/20"
"The Great British Baking Show: Collection 5: Caramel Week","2/1/20"
"The Great British Baking Show: Collection 5: Bread Week","2/1/20"
"Inside Bill's Brain: Decoding Bill Gates: Limited Series: Part 3","2/1/20"
"Inside Bill's Brain: Decoding Bill Gates: Limited Series: Part 2","2/1/20"
"The Great British Baking Show: Collection 4: Bread","1/31/20"
"The Great British Baking Show: Collection 5: Biscuit Week","1/31/20"
"Gilmore Girls: Season 1: Pilot","1/31/20"
"Vagabond: Season 1: Episode 16","1/31/20"
"Vagabond: Season 1: Episode 15","1/30/20"
"Vagabond: Season 1: Episode 14","1/28/20"
"The Great British Baking Show: Collection 5: Cake Week","1/25/20"
"The Circle: Season 1: Anonymous Trolling","1/25/20"
"The Great British Baking Show: Collection 3: Cake","1/24/20"
"Vagabond: Season 1: Episode 2","1/23/20"
"Killer Inside: The Mind of Aaron Hernandez: Limited Series: Episode 1","1/20/20"
"Inheritors: Season 1: Episode 3","1/20/20"
"Gilmore Girls: A Year in the Life: Limited Series: Winter","1/17/20"
"The Bachelor: Season 13: Episode 1301","1/16/20"
"You: Season 1: Pilot","1/16/20"
"The Circle: Season 1: Sliding into DMs","1/16/20"
"The Circle: Season 1: Planting Doubt","1/15/20"
"The Crown: Season 1: Wolferton Splash","1/14/20"
"The Circle: Season 1: There's a Catfish Among Us","1/13/20"
"The Circle: Season 1: Face-to-Face","1/13/20"
"The Circle: Season 1: Hello, Circle","1/12/20"
"Barbie in A Mermaid Tale","1/11/20"
"The Irishman","1/11/20"
"Dirty John: John Meehan: Approachable Dreams","1/10/20"
"Don't F**k with Cats: Hunting an Internet Killer: Limited Series: Cat and Mouse","1/10/20"
"Schitt's Creek: Season 5: Life Is a Cabaret","1/9/20"
"Schitt's Creek: Season 5: The Hike","1/9/20"
"Schitt's Creek: Season 5: The Roast","1/9/20"
"Schitt's Creek: Season 5: Meet the Parents","1/8/20"
"Schitt's Creek: Season 5: Roadkill","1/8/20"
"Schitt's Creek: Season 5: The M.V.P","1/8/20"
"Cheer: Season 1: God Blessed Texas","1/8/20"
"Schitt's Creek: Season 5: The Hospies","1/7/20"
"Schitt's Creek: Season 5: A Whisper of Desire","1/6/20"
"Schitt's Creek: Season 5: Rock On!","1/6/20"
"Schitt's Creek: Season 5: Housewarming","1/6/20"
"Schitt's Creek: Season 5: The Dress","1/6/20"
"Schitt's Creek: Season 5: The Plant","1/6/20"
"Schitt's Creek: Season 5: Love Letters","1/5/20"
"Schitt's Creek: Season 5: The Crowening","1/5/20"
"Schitt's Creek: Season 4: Merry Christmas, Johnny Rose","1/5/20"
"Schitt's Creek: Season 4: Singles Week","1/5/20"
"Schitt's Creek: Season 4: The Rollout","1/5/20"
"Schitt's Creek: Season 4: Baby Sprinkle","1/5/20"
"Schitt's Creek: Season 4: The Olive Branch","1/4/20"
"Schitt's Creek: Season 4: The Jazzaguy","1/4/20"
"Schitt's Creek: Season 4: The Barbecue","1/4/20"
"Schitt's Creek: Season 4: Open Mic","1/4/20"
"Schitt's Creek: Season 4: RIP Moira Rose","1/4/20"
"Schitt's Creek: Season 4: Girls’ Night","1/4/20"
"Schitt's Creek: Season 4: Asbestos Fest","1/4/20"
"Murder Mystery","1/4/20"
"Sherlock: Series 1: A Study in Pink","1/4/20"
"New Girl: Season 1: Pilot","1/4/20"
"Schitt's Creek: Season 4: Pregnancy Test","1/3/20"
"Schitt's Creek: Season 4: Dead Guy in Room 4","1/3/20"
"Schitt's Creek: Season 3: Grad Night","1/3/20"
"Vagabond: Season 1: Episode 13","1/3/20"
"Schitt's Creek: Season 3: Friends & Family","1/2/20"
"Schitt's Creek: Season 3: Stop Saying Lice!","1/2/20"
"Schitt's Creek: Season 3: Sebastien Raine","1/2/20"
"Schitt's Creek: Season 3: The Affair","1/1/20"
"Schitt's Creek: Season 3: Motel Review","1/1/20"
"Schitt's Creek: Season 3: General Store","1/1/20"
"Schitt's Creek: Season 3: Murder Mystery","1/1/20"
"Schitt's Creek: Season 3: Rooms by the Hour","1/1/20"
"Schitt's Creek: Season 3: Driving Test","1/1/20"
"Schitt's Creek: Season 3: New Car","1/1/20"
"Schitt's Creek: Season 3: The Throuple","1/1/20"
"Schitt's Creek: Season 3: Opening Night","1/1/20"
"Schitt's Creek: Season 2: Happy Anniversary","1/1/20"
"Schitt's Creek: Season 2: Lawn Signs","1/1/20"
"Friends: Season 1: The One with the Butt","12/31/19"
"Friends: Season 1: The One with the East German Laundry Detergent","12/31/19"
"Friends: Season 1: The One with George Stephanopoulos","12/31/19"
"Friends: Season 1: The One with the Thumb","12/31/19"
"Vagabond: Season 1: Episode 12","12/31/19"
"Friends: Season 1: The One with the Sonogram at the End","12/31/19"
"Friends: Season 1: The One Where Monica Gets a Roommate (Pilot)","12/31/19"
"Schitt's Creek: Season 2: The Motel Guest","12/31/19"
"Spider-Man: Into the Spider-Verse","12/31/19"
"Schitt's Creek: Season 2: Ronnie's Party","12/31/19"
"Schitt's Creek: Season 2: Moira's Nudes","12/31/19"
"Vagabond: Season 1: Episode 11","12/30/19"
"Vagabond: Season 1: Episode 10","12/30/19"
"Schitt's Creek: Season 2: Milk Money","12/27/19"
"Schitt's Creek: Season 2: The Candidate","12/27/19"
"Schitt's Creek: Season 2: Moira vs. Town Council","12/27/19"
"Schitt's Creek: Season 2: Bob's Bagels","12/27/19"
"Vagabond: Season 1: Episode 9","12/27/19"
"Schitt's Creek: Season 2: Estate Sale","12/26/19"
"Schitt's Creek: Season 2: Jazzagals","12/26/19"
"Schitt's Creek: Season 2: Family Dinner","12/26/19"
"Schitt's Creek: Season 2: Finding David","12/26/19"
"Schitt's Creek: Season 1: Town for Sale","12/26/19"
"Vagabond: Season 1: Episode 8","12/26/19"
"Vagabond: Season 1: Episode 7","12/26/19"
"Riverdale: Season 2: Chapter Fourteen: A Kiss Before Dying","12/26/19"
"Schitt's Creek: Season 1: Surprise Party","12/26/19"
"Schitt's Creek: Season 1: Little Sister","12/25/19"
"Schitt's Creek: Season 1: Honeymoon","12/25/19"
"Schitt's Creek: Season 1: Carl's Funeral","12/25/19"
"Schitt's Creek: Season 1: Allez-Vous","12/25/19"
"Schitt's Creek: Season 1: Turkey Shoot","12/25/19"
"Broadchurch: Season 1: Episode 1","12/25/19"
"Schitt's Creek: Season 1: Wine and Roses","12/25/19"
"Schitt's Creek: Season 1: The Cabin","12/25/19"
"Schitt's Creek: Season 1: Bad Parents","12/25/19"
"Schitt's Creek: Season 1: Don't Worry, It's His Sister","12/25/19"
"Mad Men: Season 1: Smoke Gets in Your Eyes","12/24/19"
"Vagabond: Season 1: Episode 6","12/22/19"
"Marriage Story","12/22/19"
"Vagabond: Season 1: Episode 5","12/21/19"
"The Great British Baking Show: Holidays: Season 2: The Great Christmas Baking Show","12/20/19"
"Vagabond: Season 1: Episode 4","12/19/19"
"Vagabond: Season 1: Episode 3","12/19/19"
"Vagabond: Season 1: Episode 1","12/19/19"
"Salt","12/18/19"
"The Informant!","12/17/19"
"The Family: Limited Series: Submersion","12/17/19"
"Patriot Act with Hasan Minhaj: Volume 5: Why We Can't Retire","12/15/19"
"Zombieland","12/15/19"
"The Great British Baking Show: Holidays: Season 1: The Great Christmas Baking Show","12/15/19"
"Sacred Games: Season 1: Ashwathama ","12/11/19"
"Abstract: The Art of Design: Season 1: Christoph Niemann: Illustration","12/11/19"
"V Wars: Season 1: Down with the Sickness","12/11/19"
"The Great British Baking Show: Masterclass: Season 1: Masterclass 1","12/11/19"
"When They See Us: Limited Series: Part One","12/11/19"
"The Great British Baking Show: Collection 6: FINAL","12/8/19"
"The Great British Baking Show: Collection 6: Patisserie Week","12/8/19"
"The Great British Baking Show: Collection 6: Danish Week","12/8/19"
"The Great British Baking Show: Collection 6: Vegan Week","12/7/19"
"The Great British Baking Show: Collection 6: Pastry Week","12/7/19"
"The Great British Baking Show: Collection 6: Spice Week","12/6/19"
"The Great British Baking Show: Collection 6: Desserts Week","12/6/19"
"Singapore Social: Season 1: No Risk, No Reward","12/6/19"
"Singapore Social: Season 1: Generation Asian","12/6/19"
"The Great British Baking Show: Collection 6: Bread Week","12/4/19"
"The Great British Baking Show: Collection 6: Cake Week","12/3/19"
"Black Mirror: Season 2: White Bear","12/3/19"
"The Great British Baking Show: Collection 7: Bread Week","12/2/19"
"Black Mirror: Season 2: Be Right Back","12/2/19"
"The Great British Baking Show: Collection 6: Biscuits Week","11/23/19"
"The Great British Baking Show: Collection 7: Final","11/23/19"
"The Great British Baking Show: Collection 7: Patisserie -- Semifinal","11/23/19"
"The Great British Baking Show: Collection 7: Pastry Week","11/22/19"
"The Great British Baking Show: Collection 7: Festival Week","11/21/19"
"The Great British Baking Show: Collection 7: Desserts Week","11/21/19"
"The Great British Baking Show: Collection 7: Roaring '20s Week","11/21/19"
"The Great British Baking Show: Collection 7: Dairy Week","11/20/19"
"Queer Eye: We're in Japan!: Season 1: The Ideal Woman","11/20/19"
"The Great British Baking Show: Collection 7: Biscuits Week","11/20/19"
"The Great British Baking Show: Collection 7: Cake Week","11/19/19"
"Billy on the Street: Season 2: Name Three White People!, with Rashida Jones","11/19/19"
"Breakfast, Lunch & Dinner: Season 1: Vancouver with Seth Rogen","11/17/19"
"Queer Eye: We're in Japan!: Season 1: Bringing Sexy Back","11/17/19"
"Derry Girls: Season 2: Episode 1","11/16/19"
"Derry Girls: Season 1: Episode 1","11/16/19"
"Jane The Virgin: Season 5: Chapter One Hundred","11/15/19"
"Jane The Virgin: Season 5: Chapter Ninety-Nine","11/15/19"
"Jane The Virgin: Season 5: Chapter Ninety-Eight","11/15/19"
"Coco","11/14/19"
"Tangled","11/14/19"
"The Princess and the Frog","11/13/19"
"Jane The Virgin: Season 5: Chapter Ninety-Seven","11/12/19"
"Jane The Virgin: Season 5: Chapter Ninety-Six","11/12/19"
"The Duchess","11/12/19"
"Jane The Virgin: Season 5: Chapter Ninety-Five","11/12/19"
"Jane The Virgin: Season 5: Chapter Ninety-Four","11/10/19"
"Jane The Virgin: Season 5: Chapter Ninety-Three","11/10/19"
"Jane The Virgin: Season 5: Chapter Ninety-Two","11/10/19"
"Jane The Virgin: Season 5: Chapter Ninety-One","11/10/19"
"Jane The Virgin: Season 5: Chapter Ninety","11/10/19"
"Jane The Virgin: Season 5: Chapter Eighty-Nine","11/10/19"
"Jane The Virgin: Season 5: Chapter Eighty-Eight","11/10/19"
"Jane The Virgin: Season 5: Chapter Eighty-Seven","11/9/19"
"Jane The Virgin: Season 5: Chapter Eighty-Six","11/9/19"
"Jane The Virgin: Season 5: Chapter Eighty-Five","11/9/19"
"Jane The Virgin: Season 5: Chapter Eighty-Four","11/9/19"
"Jane The Virgin: Season 5: Chapter Eighty-Three","11/9/19"
"Queer Eye: We're in Japan!: Season 1: Crazy in Love","11/8/19"
"Queer Eye: We're in Japan!: Season 1: Japanese Holiday","11/8/19"
"Jane The Virgin: Season 5: Chapter Eighty-Two","11/6/19"
"Jane The Virgin: Season 4: Chapter Eighty-One","11/4/19"
"Jane The Virgin: Season 4: Chapter Eighty","11/4/19"
"Jane The Virgin: Season 4: Chapter Seventy-Nine","11/4/19"
"Jane The Virgin: Season 4: Chapter Seventy-Eight","11/4/19"
"American Son","11/4/19"
"Jane The Virgin: Season 4: Chapter Seventy-Seven","11/2/19"
"Inside Bill's Brain: Decoding Bill Gates: Limited Series: Part 1","11/2/19"
"Jane The Virgin: Season 4: Chapter Seventy-Six","11/1/19"
"Rhythm + Flow: Season 1: Collaborations","10/31/19"
"Rhythm + Flow: Season 1: Samples","10/29/19"
"Jane The Virgin: Season 4: Chapter Seventy-Five","10/28/19"
"Jane The Virgin: Season 1: Chapter Two","10/26/19"
"Jane The Virgin: Season 1: Chapter One: Pilot","10/26/19"
"Jane The Virgin: Season 4: Chapter Seventy-Four","10/23/19"
"Jane The Virgin: Season 4: Chapter Seventy-Three","10/22/19"
"Jane The Virgin: Season 4: Chapter Seventy-Two","10/22/19"
"Jane The Virgin: Season 4: Chapter Seventy-One","10/21/19"
"Jane The Virgin: Season 4: Chapter Seventy","10/20/19"
"Jane The Virgin: Season 4: Chapter Sixty-Nine","10/20/19"
"Jane The Virgin: Season 4: Chapter Sixty-Eight","10/20/19"
"Jane The Virgin: Season 4: Chapter Sixty-Seven","10/20/19"
"Jane The Virgin: Season 4: Chapter Sixty-Six","10/20/19"
"Jane The Virgin: Season 4: Chapter Sixty-Five","10/20/19"
"Jane The Virgin: Season 3: Chapter Sixty-Four","10/20/19"
"Jane The Virgin: Season 3: Chapter Sixty-Three","10/20/19"
"Jane The Virgin: Season 3: Chapter Sixty-Two","10/19/19"
"Jane The Virgin: Season 3: Chapter Sixty-One","10/19/19"
"Jane The Virgin: Season 3: Chapter Sixty","10/19/19"
"Jane The Virgin: Season 3: Chapter Fifty-Nine","10/19/19"
"Jane The Virgin: Season 3: Chapter Fifty-Eight","10/19/19"
"MINDHUNTER: Season 1: Episode 2","10/19/19"
"MINDHUNTER: Season 1: Episode 1","10/19/19"
"Peaky Blinders: Season 1: Episode 1","10/19/19"
"The Laundromat","10/19/19"
"Rhythm + Flow: Season 1: Music Videos","10/19/19"
"Rhythm + Flow: Season 1: Rap Battles","10/18/19"
"Rhythm + Flow: Season 1: Cyphers","10/18/19"
"Rhythm + Flow: Season 1: Chicago Auditions","10/18/19"
"Rhythm + Flow: Season 1: Atlanta Auditions","10/17/19"
"Rhythm + Flow: Season 1: New York Auditions","10/17/19"
"Rhythm + Flow: Season 1: Los Angeles Auditions","10/17/19"
"The Assassination of Gianni Versace: Season 1: The Man Who Would Be Vogue","10/16/19"
"Jane The Virgin: Season 3: Chapter Fifty-Seven","10/16/19"
"Jane The Virgin: Season 3: Chapter Fifty-Six","10/14/19"
"Living Undocumented: Season 1: A Prayer in the Night","10/13/19"
"Jane The Virgin: Season 3: Chapter Fifty-Five","10/12/19"
"Jane The Virgin: Season 3: Chapter Fifty-Four","10/11/19"
"Jane The Virgin: Season 3: Chapter Fifty-Three","10/11/19"
"Stranger Things: Chapter Two: The Weirdo on Maple Street","10/5/19"
"Jane The Virgin: Season 3: Chapter Fifty-Two","10/4/19"
"Jane The Virgin: Season 3: Chapter Fifty-One","10/4/19"
"Jane The Virgin: Season 3: Chapter Fifty","10/4/19"
"Jane The Virgin: Season 3: Chapter Forty-Nine","10/4/19"
"The Last Kids on Earth: Book 1: The Last Kids on Earth","10/4/19"
"The Boss Baby: Back in Business: Season 1: Cat's in the Cradle","10/4/19"
"The Boss Baby: Back in Business: Season 1: Scooter Buskie","10/4/19"
" ","10/4/19"
"The Politician: Season 1: Pilot","10/4/19"
"Jane The Virgin: Season 3: Chapter Forty-Eight","10/3/19"
"Jane The Virgin: Season 3: Chapter Forty-Seven","10/2/19"
"Jane The Virgin: Season 3: Chapter Forty-Six","10/2/19"
"Jane The Virgin: Season 3: Chapter Forty-Five","10/2/19"
"Jane The Virgin: Season 2: Chapter Forty-Four","10/2/19"
"Jane The Virgin: Season 2: Chapter Forty-Three","10/2/19"
"Jane The Virgin: Season 2: Chapter Forty-Two","9/30/19"
"Unbelievable: Limited Series: Episode 8","9/30/19"
"Unbelievable: Limited Series: Episode 7","9/29/19"
"Unbelievable: Limited Series: Episode 6","9/29/19"
"Unbelievable: Limited Series: Episode 5","9/29/19"
"Unbelievable: Limited Series: Episode 4","9/29/19"
"Unbelievable: Limited Series: Episode 3","9/29/19"
"Unbelievable: Limited Series: Episode 2","9/28/19"
"The Politician: Season 1: Vienna","9/28/19"
"The Politician: Season 1: The Assassination of Payton Hobart: Part 2","9/28/19"
"The Politician: Season 1: The Assassination of Payton Hobart","9/28/19"
"The Politician: Season 1: The Harrington Commode","9/27/19"
"The Politician: Season 1: The Voter","9/27/19"
"The Politician: Season 1: Gone Girl","9/27/19"
"The Politician: Season 1: October Surprise","9/27/19"
"Unbelievable: Limited Series: Episode 1","9/26/19"
"Jane The Virgin: Season 2: Chapter Forty-One","9/26/19"
"Jane The Virgin: Season 2: Chapter Forty","9/26/19"
"Jane The Virgin: Season 2: Chapter Thirty-Nine","9/25/19"
"Jane The Virgin: Season 2: Chapter Thirty-Eight","9/24/19"
"Jane The Virgin: Season 2: Chapter Thirty-Seven","9/24/19"
"Jane The Virgin: Season 2: Chapter Thirty-Six","9/23/19"
"Jane The Virgin: Season 2: Chapter Thirty-Five","9/22/19"
"Jane The Virgin: Season 2: Chapter Thirty-Four","9/22/19"
"Jane The Virgin: Season 2: Chapter Thirty-Three","9/22/19"
"Jane The Virgin: Season 2: Chapter Thirty-Two","9/22/19"
"Jane The Virgin: Season 2: Chapter Thirty-One","9/21/19"
"Jane The Virgin: Season 2: Chapter Thirty","9/20/19"
"Jane The Virgin: Season 2: Chapter Twenty-Nine","9/20/19"
"Jane The Virgin: Season 2: Chapter Twenty-Eight","9/19/19"
"Jane The Virgin: Season 2: Chapter Twenty-Seven","9/19/19"
"Jane The Virgin: Season 2: Chapter Twenty-Six","9/18/19"
"Jane The Virgin: Season 2: Chapter Twenty-Five","9/18/19"
"Jane The Virgin: Season 2: Chapter Twenty-Four","9/18/19"
"Jane The Virgin: Season 2: Chapter Twenty-Three","9/17/19"
"Superbad","9/17/19"
"GLOW: Season 1: Pilot","9/17/19"
"Dear White People: Volume 2: Chapter VIII","8/18/19"
"Patriot Act with Hasan Minhaj: Volume 4: Fentanyl","8/15/19"
"Pose: Season 1: Pilot","8/10/19"
"The Naked Director: Season 1: The Hidden Side","8/10/19"
"Dear White People: Volume 2: Chapter IV","8/10/19"
"Dear White People: Volume 2: Chapter III","8/9/19"
"Dear White People: Volume 2: Chapter II","8/9/19"
"Dear White People: Volume 2: Chapter I","8/8/19"
"Narcos: Mexico: Season 1: Just Say No","8/8/19"
"Narcos: Season 3: Todos Los Hombres del Presidente","8/3/19"
"Narcos: Season 3: Convivir","8/3/19"
"Narcos: Season 3: Going Back to Cali","8/3/19"
"Narcos: Season 1: Descenso","8/3/19"
"Never Back Down","8/3/19"
"Undercover: Season 1: Camping Zonnedauw","8/3/19"
"Otherhood","8/3/19"
"Inglourious Basterds","8/3/19"
"Money Heist: Part 1: Episode 1","8/2/19"
"Stranger Things: Chapter One: The Vanishing Of Will Byers","8/2/19"
"Narcos: Mexico: Season 1: Jefe de Jefes","7/31/19"
"Narcos: Mexico: Season 1: La Última Frontera","7/30/19"
"Narcos: Mexico: Season 1: The Colombian Connection","7/28/19"
"Taco Chronicles: Volume 1: Pastor","7/28/19"
"Last Chance U: INDY: Part 2: The Eye in the Sky","7/28/19"
"Last Chance U: INDY: Part 2: Dream U","7/28/19"
"The Great Hack","7/28/19"
"Queer Eye: Season 3: From Hunter to Huntee","7/28/19"
"Queer Eye: Season 4: A Tale of Two Cultures","7/28/19"
"Narcos: Mexico: Season 1: Rafa, Rafa, Rafa!","7/28/19"
"Narcos: Mexico: Season 1: El Padrino","7/27/19"
"Narcos: Mexico: Season 1: The Plaza System","7/27/19"
"Narcos: Mexico: Season 1: Camelot","7/27/19"
"Queer Eye: Season 4: Farm to Able","7/26/19"
"Queer Eye: Season 4: Soldier Returns Home","7/25/19"
"Queer Eye: Season 4: On Golden Kenny","7/24/19"
"Queer Eye: Season 4: How Wanda Got Her Groove Back","7/21/19"
"Queer Eye: Season 4: Disabled but Not Really","7/21/19"
"Queer Eye: Season 4: Stoner Skates By","7/21/19"
"Shooter","7/20/19"
"Queer Eye: Season 4: Without Further Ado","7/19/19"
"Narcos: Season 3: Sin Salida","7/17/19"
"Narcos: Season 3: Best Laid Plans","7/17/19"
"Narcos: Season 3: MRO","7/16/19"
"Narcos: Season 3: Checkmate","7/15/19"
"Narcos: Season 3: Follow the Money","7/14/19"
"Narcos: Season 3: The Cali KGB","7/14/19"
"Narcos: Season 3: The Kingpin Strategy","7/14/19"
"Narcos: Season 2: Al Fin Cayó!","7/14/19"
"Narcos: Season 2: Nuestra Finca","7/14/19"
"Narcos: Season 2: Exit El Patrón","7/13/19"
"Narcos: Season 2: Deutschland 93","7/13/19"
"Narcos: Season 2: Los Pepes","7/13/19"
"Narcos: Season 2: The Enemies of My Enemy","7/13/19"
"Parenthood: Season 1: What's Goin' On Down There?","7/8/19"
"Parenthood: Season 1: The Big 'O'","7/8/19"
"Narcos: Season 2: The Good, The Bad, and The Dead","7/3/19"
"Narcos: Season 2: Our Man in Madrid","6/29/19"
"Narcos: Season 2: Cambalache","6/29/19"
"Parenthood: Season 1: The Situation","6/27/19"
"Parenthood: Season 1: Whassup","6/27/19"
"Parenthood: Season 1: The Deep End of the Pool","6/27/19"
"Narcos: Season 2: Free at Last","6/26/19"
"Narcos: Season 1: Despegue","6/26/19"
"Narcos: Season 1: La Catedral","6/25/19"
"Narcos: Season 1: La Gran Mentira","6/25/19"
"Narcos: Season 1: You Will Cry Tears of Blood","6/24/19"
"Narcos: Season 1: Explosivos","6/24/19"
"Parenthood: Season 1: Man Versus Possum","6/24/19"
"HOMECOMING: A film by Beyoncé","6/23/19"
"Narcos: Season 1: There Will Be a Future","6/23/19"
"Narcos: Season 1: The Palace in Flames","6/23/19"
"Narcos: Season 1: The Men of Always","6/23/19"
"Narcos: Season 1: The Sword of Simón Bolívar","6/23/19"
"Parenthood: Season 1: Pilot","6/22/19"
"Fuller House: Season 1: Our Very First Show, Again","6/22/19"
"The Flash: Season 5: Nora","6/22/19"
