Title,Date,Dataset
Pose: Season 1: Access,6/16/2020,parent
Alt-Right: Age of Rage,6/16/2020,parent
Pose: Season 1: Pilot,6/15/2020,parent
Alexa & Katie: Part 1: Bad Hair Day,6/15/2020,parent
Living Undocumented: Season 1: A Prayer in the Night,6/14/2020,parent
Queer Eye: Season 5: Body Rock or Bust,6/14/2020,parent
Queer Eye: Season 5: Father Knows Fish,6/14/2020,parent
Lenox Hill: Season 1: Growth Hurts,6/12/2020,parent
Madam Secretary: Season 1: Standoff,6/11/2020,parent
Madam Secretary: Season 1: Game On,6/11/2020,parent
They've Gotta Have Us: Season 1: Legends and Pioneers,6/11/2020,parent
Flint Town: Season 1: Welcome to Flint Town,6/11/2020,parent
Knock Down The House,6/10/2020,parent
LA 92,6/10/2020,parent
Queer Eye: Season 5: DJ's on Repeat,6/9/2020,parent
Time: The Kalief Browder Story: Season 1: Part 1 - The System,6/9/2020,parent
Queer Eye: Season 5: The Anxious Activist,6/8/2020,parent
Queer Eye: Season 5: The North Philadelphia Story,6/8/2020,parent
Let It Fall: Los Angeles 1982-1992,6/6/2020,parent
Queer Eye: Season 5: Silver Lining Sweeney,6/6/2020,parent
Queer Eye: Season 5: Father of the Bride,6/6/2020,parent
Queer Eye: Season 5: Groomer Has It,6/5/2020,parent
Queer Eye: Season 5: Preaching Out Loud,6/5/2020,parent
Queer Eye: Season 5: Paging Dr. Yi,6/5/2020,parent
Jeffrey Epstein: Filthy Rich: Limited Series: Finding Their Voice,6/4/2020,parent
Jeffrey Epstein: Filthy Rich: Limited Series: The Island,6/4/2020,parent
Space Force: Season 1: THE LAUNCH,6/4/2020,parent
When They See Us: Limited Series: Part One,6/2/2020,parent
Murder to Mercy: The Cyntoia Brown Story,6/2/2020,parent
Jeffrey Epstein: Filthy Rich: Limited Series: Follow the Money,6/1/2020,parent
Jeffrey Epstein: Filthy Rich: Limited Series: Hunting Grounds,6/1/2020,parent
13TH,5/31/2020,parent
Becoming,5/31/2020,parent
Selling Sunset: Season 2: Karma’s Gonna Get You,5/27/2020,parent
Selling Sunset: Season 2: That’s Why They Call It Real Estress,5/27/2020,parent
Selling Sunset: Season 2: The Wait Will Be Worth the Wait,5/27/2020,parent
Selling Sunset: Season 2: I’m No Soldier,5/27/2020,parent
Selling Sunset: Season 2: The Red Engagement Party,5/27/2020,parent
"Selling Sunset: Season 2: Sorry, Not Sorry",5/27/2020,parent
Selling Sunset: Season 2: Billionaires Have Compounds,5/27/2020,parent
Selling Sunset: Season 2: Let the Real Estate Games Begin,5/23/2020,parent
Madam Secretary: Season 1: Collateral Damage,5/22/2020,parent
Madam Secretary: Season 1: So It Goes,5/22/2020,parent
Madam Secretary: Season 1: Need to Know,5/21/2020,parent
Madam Secretary: Season 1: Passage,5/20/2020,parent
Madam Secretary: Season 1: The Call,5/20/2020,parent
Madam Secretary: Season 1: Blame Canada,5/20/2020,parent
Madam Secretary: Season 1: Just Another Normal Day,5/19/2020,parent
Madam Secretary: Season 1: The Operative,5/19/2020,parent
Madam Secretary: Season 1: Another Benghazi,5/19/2020,parent
Madam Secretary: Season 1: Pilot,5/18/2020,parent
Trial By Media: Season 1: Subway Vigilante,5/17/2020,parent
Unbreakable Kimmy Schmidt: Season 3: Kimmy Goes to College!,5/17/2020,parent
Trial By Media: Season 1: 41 Shots,5/17/2020,parent
Cheer: Season 1: Daytona,5/15/2020,parent
Cheer: Season 1: Full Out,5/14/2020,parent
Cheer: Season 1: Hit Zero,5/14/2020,parent
"Cheer: Season 1: Blood, Sweat and Cheers",5/14/2020,parent
Cheer: Season 1: Making Mat,5/14/2020,parent
Cheer: Season 1: God Blessed Texas,5/14/2020,parent
Medici: Masters of Florence: Original Sin,5/14/2020,parent
Outer Banks: Season 1: The Phantom,5/13/2020,parent
Mr. Sunshine: Season 1: Episode 5,5/13/2020,parent
Outer Banks: Season 1: The Bell Tower,5/13/2020,parent
Outer Banks: Season 1: The Runway,5/13/2020,parent
Outer Banks: Season 1: Dead Calm,5/13/2020,parent
Mr. Sunshine: Season 1: Episode 4,5/12/2020,parent
Outer Banks: Season 1: Parcel 9,5/12/2020,parent
Mr. Sunshine: Season 1: Episode 3,5/11/2020,parent
Mr. Sunshine: Season 1: Episode 2,5/9/2020,parent
Outer Banks: Season 1: Midsummers,5/9/2020,parent
Outer Banks: Season 1: Spy Games,5/9/2020,parent
Outer Banks: Season 1: The Forbidden Zone,5/9/2020,parent
Outer Banks: Season 1: The Lucky Compass,5/8/2020,parent
Outer Banks: Season 1: Pilot,5/8/2020,parent
Mr. Sunshine: Season 1: Episode 1,5/7/2020,parent
Icarus,5/3/2020,parent
American Factory,5/3/2020,parent
Waco: Limited Series: Day 51,5/1/2020,parent
Waco: Limited Series: Stalling for Time,5/1/2020,parent
Waco: Limited Series: Of Milk and Men,5/13/2020,parent
Waco: Limited Series: Operation Showtime,5/13/2020,parent
Waco: Limited Series: The Strangers Across the Street,5/13/2020,parent
Never Have I Ever: Season 1: ... had sex with Paxton Hall-Yoshida,5/13/2020,parent
Never Have I Ever: Season 1: Pilot,5/13/2020,parent
Waco: Limited Series: Visions and Omens,5/13/2020,parent
Explained: Season 1: The Female Orgasm,5/13/2020,parent
The Innocence Files: Limited Series: The Evidence: Indeed and Without Doubt,5/13/2020,parent
Dirty Money: Season 2: Slumlord Millionaire,5/13/2020,parent
Dirty Money: Season 2: The Man at the Top,5/13/2020,parent
Dirty Money: Season 2: The Wagon Wheel,5/13/2020,parent
Crash Landing on You: Season 1: Episode 1,4/9/2020,parent
The Walking Dead: Season 9: A New Beginning,4/9/2020,parent
Community: Season 1: Community,4/8/2020,parent
Unorthodox: Limited Series: Part 1,4/8/2020,parent
Ozark: Season 1: Sugarwood,4/8/2020,parent
Coffee & Kareem,4/8/2020,parent
Money Heist: Part 1: Episode 1,4/8/2020,parent
The Walking Dead: Season 1: Days Gone Bye,4/8/2020,parent
Kingdom: Season 2: Episode 6,4/7/2020,parent
Kingdom: Season 2: Episode 5,4/7/2020,parent
Kingdom: Season 2: Episode 4,4/7/2020,parent
Kingdom: Season 2: Episode 3,4/6/2020,parent
Kingdom: Season 2: Episode 2,4/6/2020,parent
Kingdom: Season 2: Episode 1,4/6/2020,parent
Crash Landing on You: Season 1: Episode 14,5/25/2020,zoe
Crash Landing on You: Season 1: Episode 13,5/25/2020,zoe
Crash Landing on You: Season 1: Episode 12,5/25/2020,zoe
Crash Landing on You: Season 1: Episode 11,5/25/2020,zoe
Crash Landing on You: Season 1: Episode 10,5/25/2020,zoe
Crash Landing on You: Season 1: Episode 9,5/25/2020,zoe
Crash Landing on You: Season 1: Episode 8,5/23/2020,zoe
Crash Landing on You: Season 1: Episode 7,5/23/2020,zoe
Crash Landing on You: Season 1: Episode 6,5/23/2020,zoe
Crash Landing on You: Season 1: Episode 5,5/23/2020,zoe
The Good Place: Season 2: Everything Is Great!,4/15/2020,zoe
The Good Place: Season 1: Michael's Gambit,4/15/2020,zoe
The Good Place: Season 1: Mindy St. Claire,4/15/2020,zoe
The Good Place: Season 1: What's My Motivation,4/15/2020,zoe
The Good Place: Season 1: Chidi's Choice,4/15/2020,zoe
The Good Place: Season 1: ...Someone Like Me as a Member,4/15/2020,zoe
Kingdom: Season 1: Episode 1,4/4/2020,zoe
Dirty Money: Season 1: Drug Short,3/30/2020,zoe
On My Block: Season 3: Chapter Twenty-Three,3/30/2020,zoe
Dirty Money: Season 1: Payday,3/30/2020,zoe
Dirty Money: Season 1: Hard NOx,3/30/2020,zoe
Dirty Money: Season 2: Slumlord Millionaire,3/28/2020,zoe
On My Block: Season 3: Chapter Twenty-Two,3/28/2020,zoe
On My Block: Season 3: Chapter Twenty-One,3/27/2020,zoe
On My Block: Season 2: Chapter Twenty,3/27/2020,zoe
On My Block: Season 2: Chapter Nineteen,3/27/2020,zoe
On My Block: Season 2: Chapter Eighteen,3/27/2020,zoe
On My Block: Season 2: Chapter Seventeen,3/27/2020,zoe
On My Block: Season 2: Chapter Sixteen,3/26/2020,zoe
On My Block: Season 2: Chapter Fifteen,3/25/2020,zoe
On My Block: Season 2: Chapter Fourteen,3/25/2020,zoe
Crash Landing on You: Season 1: Episode 4,3/23/2020,zoe
Crash Landing on You: Season 1: Episode 2,3/23/2020,zoe
On My Block: Season 2: Chapter Thirteen,3/21/2020,zoe
On My Block: Season 2: Chapter Twelve,3/21/2020,zoe
Schitt's Creek: Season 1: The Drip,3/20/2020,zoe
Schitt's Creek: Season 1: Our Cup Runneth Over,3/20/2020,zoe
The Trials of Gabriel Fernandez: Limited Series: A Shock to the System,3/20/2020,zoe
Next in Fashion: Season 1: Red Carpet,3/20/2020,zoe
Crash Landing on You: Season 1: Episode 1,3/19/2020,zoe
Ugly Delicious: Season 2: Don’t Call It Curry,3/18/2020,zoe
Ugly Delicious: Season 2: Kids Menu,3/18/2020,zoe
Ugly Delicious: Season 2: Steak,3/18/2020,zoe
Crash Landing on You: Season 1: Episode 3,3/16/2020,zoe
Gilmore Girls: Season 1: Kill Me Now,3/16/2020,zoe
Gilmore Girls: Season 1: The Lorelais' First Day at Chilton,3/16/2020,zoe
The Great British Baking Show: Collection 4: Cake,3/16/2020,zoe
Crash Landing on You: Season 1: Episode 16,3/14/2020,zoe
Crash Landing on You: Season 1: Episode 15,3/14/2020,zoe
The Good Place: Season 1: Tahani Al-Jamil,3/13/2020,zoe
The Good Place: Season 1: Flying,3/13/2020,zoe
The Good Place: Season 1: Everything Is Fine,3/13/2020,zoe
Love Is Blind: Season 1: Will You Marry Me?,3/5/2020,zoe
Love Is Blind: Season 1: Is Love Blind?,3/4/2020,zoe
"I Am Not Okay With This: Season 1: Deepest, Darkest Secret",3/4/2020,zoe
"I Am Not Okay With This: Season 1: Like Father, Like Daughter",3/4/2020,zoe
I Am Not Okay With This: Season 1: Another Day in Paradise,3/4/2020,zoe
I Am Not Okay With This: Season 1: Stan by Me,3/4/2020,zoe
I Am Not Okay With This: Season 1: The Party's Over,3/3/2020,zoe
I Am Not Okay With This: Season 1: The Master of One F**k,3/2/2020,zoe
I Am Not Okay With This: Season 1: Dear Diary...,3/2/2020,zoe
The Pharmacist: Limited Series: Tunnel of Hope,3/2/2020,zoe
The Pharmacist: Limited Series: Dope Dealers with White Lab Coats,3/2/2020,zoe
The Pharmacist: Limited Series: A Mission from God,3/2/2020,zoe
The Pharmacist: Limited Series: Justice for Danny,3/2/2020,zoe
The Trials of Gabriel Fernandez: Limited Series: Gabriel's Voice,2/28/2020,zoe
The Trials of Gabriel Fernandez: Limited Series: Improper Regard or Indifference,2/28/2020,zoe
The Trials of Gabriel Fernandez: Limited Series: Death Has Got Him by the Hand,2/28/2020,zoe
The Trials of Gabriel Fernandez: Limited Series: Failure at All Levels,2/28/2020,zoe
The Trials of Gabriel Fernandez: Limited Series: Evil in This Courtroom,2/28/2020,zoe
The Great British Baking Show: The Beginnings: Season 1: Cakes,2/8/2020,zoe
The Great British Baking Show: Holidays: Season 2: The Great Festive Baking Show,2/7/2020,zoe
The Great British Baking Show: Collection 5: The Final of GBBS 2017,2/6/2020,zoe
The Great British Baking Show: Collection 5: Patisserie Week,2/5/2020,zoe
The Great British Baking Show: Collection 5: Forgotten Bakes Week,2/3/2020,zoe
The Great British Baking Show: Collection 5: Italian Week,2/1/2020,zoe
The Great British Baking Show: Collection 5: Pastry Week,2/1/2020,zoe
The Great British Baking Show: Collection 5: Pudding Week,2/1/2020,zoe
The Great British Baking Show: Collection 5: Caramel Week,2/1/2020,zoe
The Great British Baking Show: Collection 5: Bread Week,2/1/2020,zoe
The Great British Baking Show: Collection 4: Bread,1/31/2020,zoe
The Great British Baking Show: Collection 5: Biscuit Week,1/31/2020,zoe
The Great British Baking Show: Collection 5: Cake Week,1/25/2020,zoe
The Circle: Season 1: Anonymous Trolling,1/25/2020,zoe
The Great British Baking Show: Collection 3: Cake,1/24/2020,zoe
Killer Inside: The Mind of Aaron Hernandez: Limited Series: Episode 1,1/20/2020,zoe
The Bachelor: Season 13: Episode 1301,1/16/2020,zoe
You: Season 1: Pilot,1/16/2020,zoe
The Circle: Season 1: Sliding into DMs,1/16/2020,zoe
The Circle: Season 1: Planting Doubt,1/15/2020,zoe
The Crown: Season 1: Wolferton Splash,1/14/2020,zoe
The Circle: Season 1: There's a Catfish Among Us,1/13/2020,zoe
The Circle: Season 1: Face-to-Face,1/13/2020,zoe
"The Circle: Season 1: Hello, Circle",1/12/2020,zoe
Barbie in A Mermaid Tale,1/11/2020,zoe
The Irishman,1/11/2020,zoe
Dirty John: John Meehan: Approachable Dreams,1/10/2020,zoe
Don't F**k with Cats: Hunting an Internet Killer: Limited Series: Cat and Mouse,1/10/2020,zoe
Schitt's Creek: Season 5: Life Is a Cabaret,1/9/2020,zoe
Schitt's Creek: Season 5: The Hike,1/9/2020,zoe
Schitt's Creek: Season 5: The Roast,1/9/2020,zoe
Schitt's Creek: Season 5: Meet the Parents,1/8/2020,zoe
Schitt's Creek: Season 5: Roadkill,1/8/2020,zoe
Schitt's Creek: Season 5: The M.V.P,1/8/2020,zoe
Schitt's Creek: Season 5: The Hospies,1/7/2020,zoe
Schitt's Creek: Season 5: A Whisper of Desire,1/6/2020,zoe
Schitt's Creek: Season 5: Rock On!,1/6/2020,zoe
Schitt's Creek: Season 5: Housewarming,1/6/2020,zoe
Schitt's Creek: Season 5: The Dress,1/6/2020,zoe
Schitt's Creek: Season 5: The Plant,1/6/2020,zoe
Schitt's Creek: Season 5: Love Letters,1/5/2020,zoe
Schitt's Creek: Season 5: The Crowening,1/5/2020,zoe
"Schitt's Creek: Season 4: Merry Christmas, Johnny Rose",1/5/2020,zoe
Schitt's Creek: Season 4: Singles Week,1/5/2020,zoe
Schitt's Creek: Season 4: The Rollout,1/5/2020,zoe
Schitt's Creek: Season 4: Baby Sprinkle,1/5/2020,zoe
Schitt's Creek: Season 4: The Olive Branch,1/4/2020,zoe
Schitt's Creek: Season 4: The Jazzaguy,1/4/2020,zoe
Schitt's Creek: Season 4: The Barbecue,1/4/2020,zoe
Schitt's Creek: Season 4: Open Mic,1/4/2020,zoe
Schitt's Creek: Season 4: RIP Moira Rose,1/4/2020,zoe
Schitt's Creek: Season 4: Girls’ Night,1/4/2020,zoe
Schitt's Creek: Season 4: Asbestos Fest,1/4/2020,zoe
Schitt's Creek: Season 4: Pregnancy Test,1/3/2020,zoe
Schitt's Creek: Season 4: Dead Guy in Room 4,1/3/2020,zoe
Schitt's Creek: Season 3: Grad Night,1/3/2020,zoe
Schitt's Creek: Season 3: Friends & Family,1/2/2020,zoe
Schitt's Creek: Season 3: Stop Saying Lice!,1/2/2020,zoe
Schitt's Creek: Season 3: Sebastien Raine,1/2/2020,zoe
Schitt's Creek: Season 3: The Affair,1/1/2020,zoe
Schitt's Creek: Season 3: Motel Review,1/1/2020,zoe
Schitt's Creek: Season 3: General Store,1/1/2020,zoe
Schitt's Creek: Season 3: Murder Mystery,1/1/2020,zoe
Schitt's Creek: Season 3: Rooms by the Hour,1/1/2020,zoe
Schitt's Creek: Season 3: Driving Test,1/1/2020,zoe
Schitt's Creek: Season 3: New Car,1/1/2020,zoe
Schitt's Creek: Season 3: The Throuple,1/1/2020,zoe
Schitt's Creek: Season 3: Opening Night,1/1/2020,zoe
Schitt's Creek: Season 2: Happy Anniversary,1/1/2020,zoe
Schitt's Creek: Season 2: Lawn Signs,1/1/2020,zoe
Friends: Season 1: The One with the Butt,12/31/2019,zoe
Friends: Season 1: The One with the East German Laundry Detergent,12/31/2019,zoe
Friends: Season 1: The One with George Stephanopoulos,12/31/2019,zoe
Friends: Season 1: The One with the Thumb,12/31/2019,zoe
Schitt's Creek: Season 2: The Motel Guest,12/31/2019,zoe
Spider-Man: Into the Spider-Verse,12/31/2019,zoe
Schitt's Creek: Season 2: Ronnie's Party,12/31/2019,zoe
Schitt's Creek: Season 2: Moira's Nudes,12/31/2019,zoe
Schitt's Creek: Season 2: Milk Money,12/27/2019,zoe
Schitt's Creek: Season 2: The Candidate,12/27/2019,zoe
Schitt's Creek: Season 2: Moira vs. Town Council,12/27/2019,zoe
Schitt's Creek: Season 2: Bob's Bagels,12/27/2019,zoe
Schitt's Creek: Season 2: Estate Sale,12/26/2019,zoe
Schitt's Creek: Season 2: Jazzagals,12/26/2019,zoe
Schitt's Creek: Season 2: Family Dinner,12/26/2019,zoe
Schitt's Creek: Season 2: Finding David,12/26/2019,zoe
Schitt's Creek: Season 1: Town for Sale,12/26/2019,zoe
Schitt's Creek: Season 1: Surprise Party,12/26/2019,zoe
Schitt's Creek: Season 1: Little Sister,12/25/2019,zoe
Schitt's Creek: Season 1: Honeymoon,12/25/2019,zoe
Schitt's Creek: Season 1: Carl's Funeral,12/25/2019,zoe
Schitt's Creek: Season 1: Allez-Vous,12/25/2019,zoe
Schitt's Creek: Season 1: Turkey Shoot,12/25/2019,zoe
Schitt's Creek: Season 1: Wine and Roses,12/25/2019,zoe
Schitt's Creek: Season 1: The Cabin,12/25/2019,zoe
Schitt's Creek: Season 1: Bad Parents,12/25/2019,zoe
"Schitt's Creek: Season 1: Don't Worry, It's His Sister",12/25/2019,zoe
Mad Men: Season 1: Smoke Gets in Your Eyes,12/24/2019,zoe
Marriage Story,12/22/2019,zoe
The Great British Baking Show: Holidays: Season 2: The Great Christmas Baking Show,12/20/2019,zoe
Salt,12/18/2019,zoe
The Informant!,12/17/2019,zoe
The Family: Limited Series: Submersion,12/17/2019,zoe
Patriot Act with Hasan Minhaj: Volume 5: Why We Can't Retire,12/15/2019,zoe
Zombieland,12/15/2019,zoe
The Great British Baking Show: Holidays: Season 1: The Great Christmas Baking Show,12/15/2019,zoe
The Great British Baking Show: Masterclass: Season 1: Masterclass 1,12/11/2019,zoe
When They See Us: Limited Series: Part One,12/11/2019,zoe
The Great British Baking Show: Collection 6: FINAL,12/8/2019,zoe
The Great British Baking Show: Collection 6: Patisserie Week,12/8/2019,zoe
The Great British Baking Show: Collection 6: Danish Week,12/8/2019,zoe
The Great British Baking Show: Collection 6: Vegan Week,12/7/2019,zoe
The Great British Baking Show: Collection 6: Pastry Week,12/7/2019,zoe
The Great British Baking Show: Collection 6: Spice Week,12/6/2019,zoe
The Great British Baking Show: Collection 6: Desserts Week,12/6/2019,zoe
"Singapore Social: Season 1: No Risk, No Reward",12/6/2019,zoe
Singapore Social: Season 1: Generation Asian,12/6/2019,zoe
The Great British Baking Show: Collection 6: Bread Week,12/4/2019,zoe
The Great British Baking Show: Collection 6: Cake Week,12/3/2019,zoe
Black Mirror: Season 2: White Bear,12/3/2019,zoe
The Great British Baking Show: Collection 7: Bread Week,12/2/2019,zoe
Black Mirror: Season 2: Be Right Back,12/2/2019,zoe
The Great British Baking Show: Collection 6: Biscuits Week,11/23/2019,zoe
The Great British Baking Show: Collection 7: Final,11/23/2019,zoe
The Great British Baking Show: Collection 7: Patisserie -- Semifinal,11/23/2019,zoe
The Great British Baking Show: Collection 7: Pastry Week,11/22/2019,zoe
The Great British Baking Show: Collection 7: Festival Week,11/21/2019,zoe
The Great British Baking Show: Collection 7: Desserts Week,11/21/2019,zoe
The Great British Baking Show: Collection 7: Roaring '20s Week,11/21/2019,zoe
The Great British Baking Show: Collection 7: Dairy Week,11/20/2019,zoe
Queer Eye: We're in Japan!: Season 1: The Ideal Woman,11/20/2019,zoe
The Great British Baking Show: Collection 7: Biscuits Week,11/20/2019,zoe
The Great British Baking Show: Collection 7: Cake Week,11/19/2019,zoe
"Billy on the Street: Season 2: Name Three White People!, with Rashida Jones",11/19/2019,zoe
"Breakfast, Lunch & Dinner: Season 1: Vancouver with Seth Rogen",11/17/2019,zoe
Queer Eye: We're in Japan!: Season 1: Bringing Sexy Back,11/17/2019,zoe
Derry Girls: Season 2: Episode 1,11/16/2019,zoe
Derry Girls: Season 1: Episode 1,11/16/2019,zoe
Jane The Virgin: Season 5: Chapter One Hundred,11/15/2019,zoe
Jane The Virgin: Season 5: Chapter Ninety-Nine,11/15/2019,zoe
Jane The Virgin: Season 5: Chapter Ninety-Eight,11/15/2019,zoe
The Princess and the Frog,11/13/2019,zoe
Jane The Virgin: Season 5: Chapter Ninety-Seven,11/12/2019,zoe
Jane The Virgin: Season 5: Chapter Ninety-Six,11/12/2019,zoe
Jane The Virgin: Season 5: Chapter Ninety-Five,11/12/2019,zoe
Jane The Virgin: Season 5: Chapter Ninety-Four,11/10/2019,zoe
Jane The Virgin: Season 5: Chapter Ninety-Three,11/10/2019,zoe
Jane The Virgin: Season 5: Chapter Ninety-Two,11/10/2019,zoe
Jane The Virgin: Season 5: Chapter Ninety-One,11/10/2019,zoe
Jane The Virgin: Season 5: Chapter Ninety,11/10/2019,zoe
Jane The Virgin: Season 5: Chapter Eighty-Nine,11/10/2019,zoe
Jane The Virgin: Season 5: Chapter Eighty-Eight,11/10/2019,zoe
Jane The Virgin: Season 5: Chapter Eighty-Seven,11/9/2019,zoe
Jane The Virgin: Season 5: Chapter Eighty-Six,11/9/2019,zoe
Jane The Virgin: Season 5: Chapter Eighty-Five,11/9/2019,zoe
Jane The Virgin: Season 5: Chapter Eighty-Four,11/9/2019,zoe
Jane The Virgin: Season 5: Chapter Eighty-Three,11/9/2019,zoe
Queer Eye: We're in Japan!: Season 1: Crazy in Love,11/8/2019,zoe
Queer Eye: We're in Japan!: Season 1: Japanese Holiday,11/8/2019,zoe
Jane The Virgin: Season 5: Chapter Eighty-Two,11/6/2019,zoe
Jane The Virgin: Season 4: Chapter Eighty-One,11/4/2019,zoe
Jane The Virgin: Season 4: Chapter Eighty,11/4/2019,zoe
Jane The Virgin: Season 4: Chapter Seventy-Nine,11/4/2019,zoe
Jane The Virgin: Season 4: Chapter Seventy-Eight,11/4/2019,zoe
Jane The Virgin: Season 4: Chapter Seventy-Seven,11/2/2019,zoe
Jane The Virgin: Season 4: Chapter Seventy-Six,11/1/2019,zoe
Rhythm + Flow: Season 1: Collaborations,10/31/2019,zoe
Rhythm + Flow: Season 1: Samples,10/29/2019,zoe
Jane The Virgin: Season 4: Chapter Seventy-Five,10/28/2019,zoe
Jane The Virgin: Season 1: Chapter Two,10/26/2019,zoe
Jane The Virgin: Season 1: Chapter One: Pilot,10/26/2019,zoe
Jane The Virgin: Season 4: Chapter Seventy-Four,10/23/2019,zoe
Jane The Virgin: Season 4: Chapter Seventy-Three,10/22/2019,zoe
Jane The Virgin: Season 4: Chapter Seventy-Two,10/22/2019,zoe
Jane The Virgin: Season 4: Chapter Seventy-One,10/21/2019,zoe
Jane The Virgin: Season 4: Chapter Seventy,10/20/2019,zoe
Jane The Virgin: Season 4: Chapter Sixty-Nine,10/20/2019,zoe
Jane The Virgin: Season 4: Chapter Sixty-Eight,10/20/2019,zoe
Jane The Virgin: Season 4: Chapter Sixty-Seven,10/20/2019,zoe
Jane The Virgin: Season 4: Chapter Sixty-Six,10/20/2019,zoe
Jane The Virgin: Season 4: Chapter Sixty-Five,10/20/2019,zoe
Jane The Virgin: Season 3: Chapter Sixty-Four,10/20/2019,zoe
Jane The Virgin: Season 3: Chapter Sixty-Three,10/20/2019,zoe
Jane The Virgin: Season 3: Chapter Sixty-Two,10/19/2019,zoe
Jane The Virgin: Season 3: Chapter Sixty-One,10/19/2019,zoe
Jane The Virgin: Season 3: Chapter Sixty,10/19/2019,zoe
Jane The Virgin: Season 3: Chapter Fifty-Nine,10/19/2019,zoe
Jane The Virgin: Season 3: Chapter Fifty-Eight,10/19/2019,zoe
MINDHUNTER: Season 1: Episode 2,10/19/2019,zoe
MINDHUNTER: Season 1: Episode 1,10/19/2019,zoe
Peaky Blinders: Season 1: Episode 1,10/19/2019,zoe
The Laundromat,10/19/2019,zoe
Rhythm + Flow: Season 1: Music Videos,10/19/2019,zoe
Rhythm + Flow: Season 1: Rap Battles,10/18/2019,zoe
Rhythm + Flow: Season 1: Cyphers,10/18/2019,zoe
Rhythm + Flow: Season 1: Chicago Auditions,10/18/2019,zoe
Rhythm + Flow: Season 1: Atlanta Auditions,10/17/2019,zoe
Rhythm + Flow: Season 1: New York Auditions,10/17/2019,zoe
Rhythm + Flow: Season 1: Los Angeles Auditions,10/17/2019,zoe
The Assassination of Gianni Versace: Season 1: The Man Who Would Be Vogue,10/16/2019,zoe
Jane The Virgin: Season 3: Chapter Fifty-Seven,10/16/2019,zoe
Jane The Virgin: Season 3: Chapter Fifty-Six,10/14/2019,zoe
Living Undocumented: Season 1: A Prayer in the Night,10/13/2019,zoe
Jane The Virgin: Season 3: Chapter Fifty-Five,10/12/2019,zoe
Jane The Virgin: Season 3: Chapter Fifty-Four,10/11/2019,zoe
Jane The Virgin: Season 3: Chapter Fifty-Three,10/11/2019,zoe
Stranger Things: Chapter Two: The Weirdo on Maple Street,10/5/2019,zoe
Jane The Virgin: Season 3: Chapter Fifty-Two,10/4/2019,zoe
Jane The Virgin: Season 3: Chapter Fifty-One,10/4/2019,zoe
Jane The Virgin: Season 3: Chapter Fifty,10/4/2019,zoe
Jane The Virgin: Season 3: Chapter Forty-Nine,10/4/2019,zoe
The Last Kids on Earth: Book 1: The Last Kids on Earth,10/4/2019,zoe
Jane The Virgin: Season 3: Chapter Forty-Six,10/2/2019,zoe
Jane The Virgin: Season 3: Chapter Forty-Five,10/2/2019,zoe
Jane The Virgin: Season 2: Chapter Forty-Four,10/2/2019,zoe
Jane The Virgin: Season 2: Chapter Forty-Three,10/2/2019,zoe
Jane The Virgin: Season 2: Chapter Forty-Two,9/30/2019,zoe
Unbelievable: Limited Series: Episode 8,9/30/2019,zoe
Unbelievable: Limited Series: Episode 7,9/29/2019,zoe
Unbelievable: Limited Series: Episode 6,9/29/2019,zoe
Unbelievable: Limited Series: Episode 5,9/29/2019,zoe
Unbelievable: Limited Series: Episode 4,9/29/2019,zoe
Unbelievable: Limited Series: Episode 3,9/29/2019,zoe
Unbelievable: Limited Series: Episode 2,9/28/2019,zoe
The Politician: Season 1: Vienna,9/28/2019,zoe
The Politician: Season 1: The Assassination of Payton Hobart: Part 2,9/28/2019,zoe
The Politician: Season 1: The Assassination of Payton Hobart,9/28/2019,zoe
The Politician: Season 1: The Harrington Commode,9/27/2019,zoe
The Politician: Season 1: The Voter,9/27/2019,zoe
The Politician: Season 1: Gone Girl,9/27/2019,zoe
The Politician: Season 1: October Surprise,9/27/2019,zoe
Unbelievable: Limited Series: Episode 1,9/26/2019,zoe
Jane The Virgin: Season 2: Chapter Forty-One,9/26/2019,zoe
Jane The Virgin: Season 2: Chapter Forty,9/26/2019,zoe
Jane The Virgin: Season 2: Chapter Thirty-Nine,9/25/2019,zoe
Jane The Virgin: Season 2: Chapter Thirty-Eight,9/24/2019,zoe
Jane The Virgin: Season 2: Chapter Thirty-Seven,9/24/2019,zoe
Jane The Virgin: Season 2: Chapter Thirty-Six,9/23/2019,zoe
Jane The Virgin: Season 2: Chapter Thirty-Five,9/22/2019,zoe
Jane The Virgin: Season 2: Chapter Thirty-Four,9/22/2019,zoe
Jane The Virgin: Season 2: Chapter Thirty-Three,9/22/2019,zoe
Jane The Virgin: Season 2: Chapter Thirty-Two,9/22/2019,zoe
Jane The Virgin: Season 2: Chapter Thirty-One,9/21/2019,zoe
Jane The Virgin: Season 2: Chapter Thirty,9/20/2019,zoe
Jane The Virgin: Season 2: Chapter Twenty-Nine,9/20/2019,zoe
Jane The Virgin: Season 2: Chapter Twenty-Eight,9/19/2019,zoe
Jane The Virgin: Season 2: Chapter Twenty-Seven,9/19/2019,zoe
Jane The Virgin: Season 2: Chapter Twenty-Six,9/18/2019,zoe
Jane The Virgin: Season 2: Chapter Twenty-Five,9/18/2019,zoe
Jane The Virgin: Season 2: Chapter Twenty-Four,9/18/2019,zoe
Jane The Virgin: Season 2: Chapter Twenty-Three,9/17/2019,zoe
Superbad,9/17/2019,zoe
GLOW: Season 1: Pilot,9/17/2019,zoe
Dear White People: Volume 2: Chapter VIII,8/18/2019,zoe
Patriot Act with Hasan Minhaj: Volume 4: Fentanyl,8/15/2019,zoe
Pose: Season 1: Pilot,8/10/2019,zoe
Dear White People: Volume 2: Chapter IV,8/10/2019,zoe
Dear White People: Volume 2: Chapter III,8/9/2019,zoe
Dear White People: Volume 2: Chapter II,8/9/2019,zoe
Dear White People: Volume 2: Chapter I,8/8/2019,zoe
Narcos: Mexico: Season 1: Just Say No,8/8/2019,zoe
Narcos: Season 3: Todos Los Hombres del Presidente,8/3/2019,zoe
Narcos: Season 3: Convivir,8/3/2019,zoe
Narcos: Season 3: Going Back to Cali,8/3/2019,zoe
Narcos: Season 1: Descenso,8/3/2019,zoe
Money Heist: Part 1: Episode 1,8/2/2019,zoe
Stranger Things: Chapter One: The Vanishing Of Will Byers,8/2/2019,zoe
Narcos: Mexico: Season 1: Jefe de Jefes,7/31/2019,zoe
Narcos: Mexico: Season 1: La Última Frontera,7/30/2019,zoe
Narcos: Mexico: Season 1: The Colombian Connection,7/28/2019,zoe
Taco Chronicles: Volume 1: Pastor,7/28/2019,zoe
Last Chance U: INDY: Part 2: The Eye in the Sky,7/28/2019,zoe
Last Chance U: INDY: Part 2: Dream U,7/28/2019,zoe
The Great Hack,7/28/2019,zoe
Queer Eye: Season 3: From Hunter to Huntee,7/28/2019,zoe
Queer Eye: Season 4: A Tale of Two Cultures,7/28/2019,zoe
"Narcos: Mexico: Season 1: Rafa, Rafa, Rafa!",7/28/2019,zoe
Narcos: Mexico: Season 1: El Padrino,7/27/2019,zoe
Narcos: Mexico: Season 1: The Plaza System,7/27/2019,zoe
Narcos: Mexico: Season 1: Camelot,7/27/2019,zoe
Queer Eye: Season 4: Farm to Able,7/26/2019,zoe
Queer Eye: Season 4: Soldier Returns Home,7/25/2019,zoe
Queer Eye: Season 4: On Golden Kenny,7/24/2019,zoe
Queer Eye: Season 4: How Wanda Got Her Groove Back,7/21/2019,zoe
Queer Eye: Season 4: Disabled but Not Really,7/21/2019,zoe
Queer Eye: Season 4: Stoner Skates By,7/21/2019,zoe
Queer Eye: Season 4: Without Further Ado,7/19/2019,zoe
Narcos: Season 3: Sin Salida,7/17/2019,zoe
Narcos: Season 3: Best Laid Plans,7/17/2019,zoe
Narcos: Season 3: MRO,7/16/2019,zoe
Narcos: Season 3: Checkmate,7/15/2019,zoe
Narcos: Season 3: Follow the Money,7/14/2019,zoe
Narcos: Season 3: The Cali KGB,7/14/2019,zoe
Narcos: Season 3: The Kingpin Strategy,7/14/2019,zoe
Narcos: Season 2: Al Fin Cayó!,7/14/2019,zoe
Narcos: Season 2: Nuestra Finca,7/14/2019,zoe
Narcos: Season 2: Exit El Patrón,7/13/2019,zoe
Narcos: Season 2: Deutschland 93,7/13/2019,zoe
Narcos: Season 2: Los Pepes,7/13/2019,zoe
Narcos: Season 2: The Enemies of My Enemy,7/13/2019,zoe
Parenthood: Season 1: What's Goin' On Down There?,7/8/2019,zoe
Parenthood: Season 1: The Big 'O',7/8/2019,zoe
"Narcos: Season 2: The Good, The Bad, and The Dead",7/3/2019,zoe
Narcos: Season 2: Our Man in Madrid,6/29/2019,zoe
Narcos: Season 2: Cambalache,6/29/2019,zoe
Parenthood: Season 1: The Situation,6/27/2019,zoe
Parenthood: Season 1: Whassup,6/27/2019,zoe
Parenthood: Season 1: The Deep End of the Pool,6/27/2019,zoe
Narcos: Season 2: Free at Last,6/26/2019,zoe
Narcos: Season 1: Despegue,6/26/2019,zoe
Narcos: Season 1: La Catedral,6/25/2019,zoe
Narcos: Season 1: La Gran Mentira,6/25/2019,zoe
Narcos: Season 1: You Will Cry Tears of Blood,6/24/2019,zoe
Narcos: Season 1: Explosivos,6/24/2019,zoe
Parenthood: Season 1: Man Versus Possum,6/24/2019,zoe
HOMECOMING: A film by Beyoncé,6/23/2019,zoe
Narcos: Season 1: There Will Be a Future,6/23/2019,zoe
Narcos: Season 1: The Palace in Flames,6/23/2019,zoe
Narcos: Season 1: The Men of Always,6/23/2019,zoe
Narcos: Season 1: The Sword of Simón Bolívar,6/23/2019,zoe
Parenthood: Season 1: Pilot,6/22/2019,zoe
"Fuller House: Season 1: Our Very First Show, Again",6/22/2019,zoe
The Flash: Season 5: Nora,6/22/2019,zoe
Parks and Recreation: Season 7: Two Funerals,12/9/2019,raena
Parks and Recreation: Season 7: The Johnny Karate Super Awesome Musical Explosion Show,12/9/2019,raena
Parks and Recreation: Season 7: Pie-Mary,11/9/2019,raena
Parks and Recreation: Season 7: Ms. Ludgate-Dwyer Goes to Washington,11/9/2019,raena
Parks and Recreation: Season 7: Donna & Joe,11/9/2019,raena
Parks and Recreation: Season 7: Save JJ's,11/9/2019,raena
Parks and Recreation: Season 7: Gryzzlbox,11/9/2019,raena
Parks and Recreation: Season 7: Ron & Jammy,11/9/2019,raena
Parks and Recreation: Season 7: Leslie and Ron,11/9/2019,raena
Parks and Recreation: Season 7: William Henry Harrison,11/9/2019,raena
Parks and Recreation: Season 7: 2017,11/9/2019,raena
Parks and Recreation: Season 6: Moving Up,11/9/2019,raena
"Parks and Recreation: Season 6: One in 8,000",11/9/2019,raena
Parks and Recreation: Season 6: Flu Season 2,11/9/2019,raena
Parks and Recreation: Season 6: Prom,11/9/2019,raena
Parks and Recreation: Season 6: Galentine's Day,10/9/2019,raena
Parks and Recreation: Season 6: New Slogan,10/9/2019,raena
Parks and Recreation: Season 6: The Wall,9/9/2019,raena
Parks and Recreation: Season 6: Anniversaries,9/9/2019,raena
Parks and Recreation: Season 6: Ann and Chris,8/9/2019,raena
Parks and Recreation: Season 6: Farmers Market,8/9/2019,raena
Parks and Recreation: Season 6: New Beginnings,8/9/2019,raena
Parks and Recreation: Season 6: Second Chunce,7/9/2019,raena
Parks and Recreation: Season 6: The Cones of Dunshire,7/9/2019,raena
The Walking Dead: Season 9: The Bridge,7/9/2019,raena
The Walking Dead: Season 9: A New Beginning,7/9/2019,raena
Parks and Recreation: Season 6: Gin It Up!,7/9/2019,raena
Parks and Recreation: Season 6: Doppelgängers,7/9/2019,raena
Parks and Recreation: Season 6: The Pawnee-Eagleton Tip Off Classic,7/9/2019,raena
Parks and Recreation: Season 6: London: Parts 1 & 2,7/9/2019,raena
Parks and Recreation: Season 4: Operation Ann,7/9/2019,raena
Parks and Recreation: Season 4: Bowling for Votes,7/9/2019,raena
Parks and Recreation: Season 4: Sweet Sixteen,7/9/2019,raena
Parks and Recreation: Season 4: Dave Returns,7/9/2019,raena
Parks and Recreation: Season 4: The Comeback Kid,7/9/2019,raena
Parks and Recreation: Season 4: Campaign Ad,7/9/2019,raena
Parks and Recreation: Season 4: Citizen Knope,6/9/2019,raena
Parks and Recreation: Season 4: The Trial of Leslie Knope,6/9/2019,raena
Parks and Recreation: Season 4: Smallest Park,6/9/2019,raena
Parks and Recreation: Season 4: The Treaty,6/9/2019,raena
Parks and Recreation: Season 4: End of the World,6/9/2019,raena
Parks and Recreation: Season 4: Meet 'n' Greet,6/9/2019,raena
Parks and Recreation: Season 4: Pawnee Rangers,6/9/2019,raena
Parks and Recreation: Season 4: Born & Raised,6/9/2019,raena
Parks and Recreation: Season 4: Ron and Tammys,6/9/2019,raena
Parks and Recreation: Season 4: I'm Leslie Knope,6/9/2019,raena
Parks and Recreation: Season 3: Li'l Sebastian,5/9/2019,raena
Parks and Recreation: Season 3: The Bubble,5/9/2019,raena
Parks and Recreation: Season 3: Road Trip,5/9/2019,raena
Parks and Recreation: Season 3: The Fight,4/9/2019,raena
Parks and Recreation: Season 3: Eagleton,4/9/2019,raena
Parks and Recreation: Season 3: Jerry's Painting,4/9/2019,raena
Parks and Recreation: Season 3: Soulmates,4/9/2019,raena
Parks and Recreation: Season 3: Andy and April's Fancy Party,4/9/2019,raena
Parks and Recreation: Season 3: Camping,4/9/2019,raena
Parks and Recreation: Season 3: Harvest Festival,3/9/2019,raena
Parks and Recreation: Season 3: Indianapolis,3/9/2019,raena
Parks and Recreation: Season 3: Media Blitz,3/9/2019,raena
Parks and Recreation: Season 3: Ron and Tammy: Part II,3/9/2019,raena
Parks and Recreation: Season 3: Time Capsule,3/9/2019,raena
Parks and Recreation: Season 3: Flu Season,3/9/2019,raena
Parks and Recreation: Season 3: Go Big or Go Home,3/9/2019,raena
Parks and Recreation: Season 2: Freddy Spaghetti,3/9/2019,raena
Parks and Recreation: Season 2: The Master Plan,3/9/2019,raena
Parks and Recreation: Season 2: Telethon,3/9/2019,raena
Parks and Recreation: Season 2: Summer Catalog,3/9/2019,raena
Parks and Recreation: Season 2: Park Safety,3/9/2019,raena
Parks and Recreation: Season 2: 94 Meetings,3/9/2019,raena
Parks and Recreation: Season 2: The Possum,3/9/2019,raena
Parks and Recreation: Season 2: Woman of the Year,3/9/2019,raena
Parks and Recreation: Season 2: Galentine's Day,3/9/2019,raena
Parks and Recreation: Season 2: Sweetums,3/9/2019,raena
Parks and Recreation: Season 2: The Set-Up,2/9/2019,raena
Parks and Recreation: Season 2: Christmas Scandal,2/9/2019,raena
Parks and Recreation: Season 2: Tom's Divorce,2/9/2019,raena
Parks and Recreation: Season 2: Hunting Trip,2/9/2019,raena
Parks and Recreation: Season 2: The Camel,2/9/2019,raena
Parks and Recreation: Season 2: Ron and Tammy,2/9/2019,raena
Parks and Recreation: Season 2: Greg Pikitis,2/9/2019,raena
Parks and Recreation: Season 2: Kaboom,2/9/2019,raena
Parks and Recreation: Season 2: Sister City,2/9/2019,raena
Parks and Recreation: Season 2: Practice Date,2/9/2019,raena
Parks and Recreation: Season 2: Beauty Pageant,2/9/2019,raena
Parks and Recreation: Season 2: The Stakeout,2/9/2019,raena
P.S. I Love You,31/8/2019,raena
Glee: Season 1: Pilot,25/8/2019,raena
First They Killed My Father,25/8/2019,raena
What a Girl Wants,24/8/2019,raena
13 Reasons Why: Season 3: Yeah. I'm the New Girl,23/8/2019,raena
Jane The Virgin: Season 5: Chapter One Hundred,23/8/2019,raena
Jane The Virgin: Season 5: Chapter Ninety-Nine,23/8/2019,raena
Jane The Virgin: Season 5: Chapter Ninety-Eight,23/8/2019,raena
Jane The Virgin: Season 5: Chapter Ninety-Seven,23/8/2019,raena
Jane The Virgin: Season 5: Chapter Ninety-Six,23/8/2019,raena
Jane The Virgin: Season 5: Chapter Ninety-Five,23/8/2019,raena
Jane The Virgin: Season 5: Chapter Ninety-Four,23/8/2019,raena
Jane The Virgin: Season 5: Chapter Ninety-Three,23/8/2019,raena
Jane The Virgin: Season 5: Chapter Ninety-Two,23/8/2019,raena
Jane The Virgin: Season 5: Chapter Ninety-One,23/8/2019,raena
Jane The Virgin: Season 5: Chapter Ninety,22/8/2019,raena
Jane The Virgin: Season 5: Chapter Eighty-Nine,22/8/2019,raena
Jane The Virgin: Season 5: Chapter Eighty-Eight,22/8/2019,raena
Jane The Virgin: Season 5: Chapter Eighty-Seven,22/8/2019,raena
Jane The Virgin: Season 5: Chapter Eighty-Six,22/8/2019,raena
Jane The Virgin: Season 5: Chapter Eighty-Five,22/8/2019,raena
Parks and Recreation: Season 2: Pawnee Zoo,1/7/2019,raena
Parks and Recreation: Season 1: Rock Show,1/7/2019,raena
Parks and Recreation: Season 1: The Banquet,1/7/2019,raena
Parks and Recreation: Season 1: Boys' Club,30/6/2019,raena
Parks and Recreation: Season 1: The Reporter,30/6/2019,raena
Parks and Recreation: Season 1: Canvassing,30/6/2019,raena
Parks and Recreation: Season 1: Pilot,29/6/2019,raena
Parks and Recreation: Season 6: Recall Vote,24/6/2019,raena
Parks and Recreation: Season 6: Filibuster,24/6/2019,raena
Parks and Recreation: Season 5: Are You Better Off?,24/6/2019,raena
Parks and Recreation: Season 5: Swing Vote,23/6/2019,raena
Parks and Recreation: Season 5: Jerry's Retirement,23/6/2019,raena
Parks and Recreation: Season 5: Article Two,23/6/2019,raena
Parks and Recreation: Season 5: Animal Control,20/6/2019,raena
Parks and Recreation: Season 5: Partridge,20/6/2019,raena
Parks and Recreation: Season 5: Correspondents' Lunch,20/6/2019,raena
Parks and Recreation: Season 5: Leslie and Ben,20/6/2019,raena
Parks and Recreation: Season 5: Emergency Response,20/6/2019,raena
Parks and Recreation: Season 5: Ann's Decision,20/6/2019,raena
Parks and Recreation: Season 5: Women in Garbage,20/6/2019,raena
Parks and Recreation: Season 5: Two Parties,19/6/2019,raena
Parks and Recreation: Season 5: Ron and Diane,19/6/2019,raena
Parks and Recreation: Season 5: Pawnee Commons,19/6/2019,raena
Incredibles 2 (Spanish Version),18/6/2019,raena
Parks and Recreation: Season 5: Leslie vs. April,18/6/2019,raena
Parks and Recreation: Season 5: Ben's Parents,17/6/2019,raena
Parks and Recreation: Season 5: Halloween Surprise,17/6/2019,raena
Parks and Recreation: Season 5: Sex Education,17/6/2019,raena
Parks and Recreation: Season 5: How a Bill Becomes a Law,16/6/2019,raena
When They See Us: Limited Series: Part Four,14/6/2019,raena
When They See Us: Limited Series: Part Three,14/6/2019,raena
The Flash: Season 5: Nora,13/6/2019,raena
When They See Us: Limited Series: Part Two,13/6/2019,raena
When They See Us: Limited Series: Part One,13/6/2019,raena
Always Be My Maybe,11/6/2019,raena
"Street Food: Asia: Season 1: Ho Chi Minh City, Vietnam",5/6/2019,raena
Chef's Table: Volume 6: Mashama Bailey,2/6/2019,raena
Conversations with a Killer: The Ted Bundy Tapes: Limited Series: Handsome Devil,18/5/2019,raena
Taken: Season 1: Pilot,18/5/2019,raena
Zombieland,11/5/2019,raena
"Street Food: Asia: Season 1: Bangkok, Thailand",11/5/2019,raena
The 2000s: Season 1: The Platinum Age of Television: Part 1,10/5/2019,raena
Imposters: Imposters: Season 2: Old Unresolved Sh*t,10/5/2019,raena
The Last Summer,10/5/2019,raena
Lucifer: Season 1: Pilot,8/5/2019,raena
Lucifer: Season 4: Everything's Okay,8/5/2019,raena
Mad Men: Season 1: Smoke Gets in Your Eyes,8/5/2019,raena
Mad Men: Season 3: Wee Small Hours,8/5/2019,raena
"Street Food: Asia: Season 1: Seoul, South Korea",7/5/2019,raena
Dead to Me: Season 1: Maybe I'm Crazy,4/5/2019,raena
Dead to Me: Season 1: Pilot,4/5/2019,raena
The Package,3/5/2019,raena
21 & Over,3/5/2019,raena
"Street Food: Asia: Season 1: Chiayi, Taiwan",3/5/2019,raena
Street Food: Asia: Season 1: Singapore,3/5/2019,raena
Knock Down The House,2/5/2019,raena
Avengers: Infinity War,1/5/2019,raena
The Fosters: Season 5: Where the Heart Is,29/4/2019,raena
The Fosters: Season 5: Turks & Caicos,29/4/2019,raena
The Fosters: Season 5: Meet The Fosters,28/4/2019,raena
The Fosters: Season 5: Many Roads,28/4/2019,raena
The Fosters: Season 5: Just Say Yes,28/4/2019,raena
The Fosters: Season 5: Makeover,28/4/2019,raena
The Fosters: Season 5: Giving Up the Ghost,28/4/2019,raena
The Fosters: Season 5: Mother's Day,28/4/2019,raena
The Fosters: Season 5: Scars,28/4/2019,raena
The Fosters: Season 5: Line in the Sand,28/4/2019,raena
The Fosters: Season 5: #IWasMadeInAmerica,28/4/2019,raena
The Fosters: Season 5: Invisible,28/4/2019,raena
The Fosters: Season 5: Sanctuary,28/4/2019,raena
The Fosters: Season 5: Prom,28/4/2019,raena
The Fosters: Season 5: Engaged,28/4/2019,raena
The Fosters: Season 5: Chasing Waterfalls,27/4/2019,raena
The Fosters: Season 5: Welcome to the Jungler,27/4/2019,raena
The Fosters: Season 5: Telling,27/4/2019,raena
"The Fosters: Season 5: Too Fast, Too Furious",27/4/2019,raena
The Fosters: Season 5: Contact,27/4/2019,raena
The Fosters: Season 5: Exterminate Her,27/4/2019,raena
Marvel's Daredevil: Season 3: A New Napkin,26/4/2019,raena
Marvel's Daredevil: Season 1: Into the Ring,26/4/2019,raena
How to Get Away With Murder: Season 5: Please Say No One Else Is Dead,26/4/2019,raena
How to Get Away With Murder: Season 5: Make Me the Enemy,26/4/2019,raena
How to Get Away With Murder: Season 5: Where Are Your Parents?,26/4/2019,raena
How to Get Away With Murder: Season 5: We Know Everything,26/4/2019,raena
How to Get Away With Murder: Season 5: Be the Martyr,26/4/2019,raena
How to Get Away With Murder: Season 5: Don't Go Dark on Me,26/4/2019,raena
How to Get Away With Murder: Season 5: He Betrayed Us Both,26/4/2019,raena
How to Get Away With Murder: Season 5: I Want to Love You Until the Day I Die,26/4/2019,raena
How to Get Away With Murder: Season 5: I Got Played,26/4/2019,raena
How to Get Away With Murder: Season 5: We Can Find Him,26/4/2019,raena
How to Get Away With Murder: Season 5: It Was the Worst Day of My Life,26/4/2019,raena
How to Get Away With Murder: Season 5: It's Her Kid,26/4/2019,raena
How to Get Away With Murder: Season 5: The Baby Was Never Dead,25/4/2019,raena
How to Get Away With Murder: Season 5: Whose Blood Is That?,25/4/2019,raena
How to Get Away With Murder: Season 5: Your Funeral,25/4/2019,raena
Ugly Delicious: Season 1: Stuffed,17/4/2019,raena
Kim's Convenience: Season 3: Lord of the Ring,14/4/2019,raena
Kim's Convenience: Season 3: Hit 'n' Fun,14/4/2019,raena
Kim's Convenience: Season 3: Appanticitis,14/4/2019,raena
Kim's Convenience: Season 3: Elephant in the Room,14/4/2019,raena
Jet Li's Fearless,13/4/2019,raena
Kim's Convenience: Season 3: Blabber Talker,13/4/2019,raena
Kim's Convenience: Season 3: To Him It May Concern,13/4/2019,raena
Kim's Convenience: Season 3: Appanoon Delight,13/4/2019,raena
Kim's Convenience: Season 3: The Kim Cup,13/4/2019,raena
Kim's Convenience: Season 3: Army Spoon,13/4/2019,raena
Black Mirror: Season 3: Nosedive,12/4/2019,raena
Kim's Convenience: Season 3: Thy Neighbour's Wifi,12/4/2019,raena
Kim's Convenience: Season 3: Open Kimunication,12/4/2019,raena
Kim's Convenience: Season 3: Cutie Pie,12/4/2019,raena
Kim's Convenience: Season 3: New Appa-liance,12/4/2019,raena
Kim's Convenience: Season 2: Handy Graduation,12/4/2019,raena
Dear Ex,11/4/2019,raena
Kim's Convenience: Season 2: Appa’s First Text,11/4/2019,raena
Kim's Convenience: Season 2: Good Neighbours,11/4/2019,raena
Kim's Convenience: Season 2: Janet’s Boyfriend,11/4/2019,raena
Kim's Convenience: Season 2: New TV,11/4/2019,raena
Kim's Convenience: Season 2: Silent Auction,11/4/2019,raena
Kim's Convenience: Season 2: Sneak Attack,11/4/2019,raena
The Sunshine Makers,11/4/2019,raena
Kim's Convenience: Season 2: Resting Place,9/4/2019,raena
Kim's Convenience: Season 2: Date Night,9/4/2019,raena
Kim's Convenience: Season 2: Cardboard Jung,9/4/2019,raena
Kim's Convenience: Season 2: House Guest,8/4/2019,raena
Kim's Convenience: Season 2: Business Award,8/4/2019,raena
Kim's Convenience: Season 2: Janet’s Roommate,8/4/2019,raena
Kim's Convenience: Season 1: Family Singing Contest,8/4/2019,raena
Kim's Convenience: Season 1: Appa's Lump,8/4/2019,raena
Kim's Convenience: Season 1: Handyman,8/4/2019,raena
Kim's Convenience: Season 1: Janet's New Job,8/4/2019,raena
Kim's Convenience: Season 1: Best Before,8/4/2019,raena
Kim's Convenience: Season 1: Service,8/4/2019,raena
Kim's Convenience: Season 1: Hapkido,8/4/2019,raena
Kim's Convenience: Season 1: Rude Kid,8/4/2019,raena
Kim's Convenience: Season 1: Wingman,8/4/2019,raena
Kim's Convenience: Season 1: Frank & Nayoung,8/4/2019,raena
Kim's Convenience: Season 1: Ddong Chim,6/4/2019,raena
Kim's Convenience: Season 1: Janet's Photos,6/4/2019,raena
Kim's Convenience: Season 1: Gay Discount,6/4/2019,raena
On My Block: Season 2: Chapter Eleven,5/4/2019,raena
Top 10 Secrets and Mysteries: Season 2: People Without Identity,4/4/2019,raena
Santa Clarita Diet: Season 3: The Cult of Sheila,4/4/2019,raena
Queer Eye: Season 2: God Bless Gay,2/4/2019,raena
The Final Table: Season 1: UK,29/3/2019,raena
The Final Table: Season 1: Spain,29/3/2019,raena
The Final Table: Season 1: Mexico,29/3/2019,raena
Ugly Delicious: Season 1: Fried Rice,25/3/2019,raena
Ant-Man and the Wasp,24/3/2019,raena
Selling Sunset: Season 1: The Gloves Come Off,24/3/2019,raena
Selling Sunset: Season 1: It Takes Two to Make a Thing Go Right,24/3/2019,raena
Selling Sunset: Season 1: Real Estate Hunger Games,24/3/2019,raena
Selling Sunset: Season 1: The One That Got Away,23/3/2019,raena
Selling Sunset: Season 1: Loose Lips Sink Relationships,23/3/2019,raena
Queer Eye: Season 3: Baby on Board,23/3/2019,raena
Queer Eye: Season 3: Sloth to Slay,23/3/2019,raena
Selling Sunset: Season 1: (Real) Diamonds Are a Girl's Best Friend,23/3/2019,raena
Selling Sunset: Season 1: Can't Have Your Cake and Eat It Too,23/3/2019,raena
The Disappearance of Madeleine McCann: Season 1: The Beneath Truth,23/3/2019,raena
Selling Sunset: Season 1: If Looks Could Sell,23/3/2019,raena
Monty Python and the Holy Grail,23/3/2019,raena
Ali G Indahouse,23/3/2019,raena
Queer Eye: Season 3: Elrod & Sons,21/3/2019,raena
Queer Eye: Season 3: Black Girl Magic,18/3/2019,raena
Queer Eye: Season 3: When Robert Met Jamie,17/3/2019,raena
Queer Eye: Season 3: Jones Bar-B-Q,17/3/2019,raena
Tidying Up with Marie Kondo: Season 1: Tidying With Toddlers,17/3/2019,raena
Black Mirror: Season 4: Black Museum,17/3/2019,raena
Queer Eye: Season 3: Lost Boy,16/3/2019,raena
Queer Eye: Season 3: From Hunter to Huntee,15/3/2019,raena
Ugly Delicious: Season 1: Fried Chicken,14/3/2019,raena
Ugly Delicious: Season 1: BBQ,13/3/2019,raena
Salt Fat Acid Heat: Season 1: Heat,12/3/2019,raena
Black Mirror: Season 2: White Christmas,4/3/2019,raena
Ugly Delicious: Season 1: Shrimp & Crawfish,1/3/2019,raena
Ugly Delicious: Season 1: Home Cooking,1/3/2019,raena
Legally Blonde,1/3/2019,raena
The Big Family Cooking Showdown: Season 2: Episode 1,26/2/2019,raena
Ugly Delicious: Season 1: Tacos,25/2/2019,raena
Ugly Delicious: Season 1: Pizza,25/2/2019,raena
The Umbrella Academy: Season 1: Run Boy Run,25/2/2019,raena
Black Mirror: Season 2: Be Right Back,19/2/2019,raena
Black Mirror: Season 3: Hated in the Nation,19/2/2019,raena
The Big Family Cooking Showdown: Season 1: Episode 12,18/2/2019,raena
The Big Family Cooking Showdown: Season 1: Episode 11,16/2/2019,raena
The Big Family Cooking Showdown: Season 1: Episode 10,16/2/2019,raena
The Big Family Cooking Showdown: Season 1: Episode 9,16/2/2019,raena
About a Boy,16/2/2019,raena
The Big Family Cooking Showdown: Season 1: Episode 8,16/2/2019,raena
The Umbrella Academy: Season 1: We Only See Each Other at Weddings and Funerals,16/2/2019,raena
The Big Family Cooking Showdown: Season 1: Episode 7,15/2/2019,raena
The Big Family Cooking Showdown: Season 1: Episode 6,13/2/2019,raena
The Big Family Cooking Showdown: Season 1: Episode 5,12/2/2019,raena
The Big Family Cooking Showdown: Season 1: Episode 4,12/2/2019,raena
The Big Family Cooking Showdown: Season 1: Episode 3,12/2/2019,raena
The Big Family Cooking Showdown: Season 1: Episode 2,10/2/2019,raena
The Big Family Cooking Showdown: Season 1: Episode 1,10/2/2019,raena
Million Pound Menu: Season 1: Black Bear Burger and Naked Dough,10/2/2019,raena
Million Pound Menu: Season 1: Dynasty and Bubble&,10/2/2019,raena
Million Pound Menu: Season 1: Greedy Khao and Trap Kitchen,9/2/2019,raena
Million Pound Menu: Season 1: Hollings and the Cheese Wheel,8/2/2019,raena
Million Pound Menu: Season 1: Finca and Wholesome Junkies,8/2/2019,raena
Million Pound Menu: Season 1: Epoch and ShrimpWreck,8/2/2019,raena
American Crime: Season 1: Episode 1,8/2/2019,raena
American Crime: Season 1: Episode 2,8/2/2019,raena
The Great British Baking Show: The Beginnings: Season 1: Cakes,7/2/2019,raena
American Vandal: Season 1: Hard Facts: Vandalism and Vulgarity,7/2/2019,raena
American Vandal: Season 2: The Dump,7/2/2019,raena
American Vandal: Season 2: Sh*t Storm,7/2/2019,raena
American Vandal: Season 2: All Backed Up,7/2/2019,raena
American Vandal: Season 2: Wiped Clean,7/2/2019,raena
American Vandal: Season 2: Sh*t Talk,7/2/2019,raena
American Vandal: Season 2: Leaving a Mark,7/2/2019,raena
American Vandal: Season 2: #2,6/2/2019,raena
American Vandal: Season 2: The Brownout,6/2/2019,raena
Bodyguard: Season 1: Episode 3,6/2/2019,raena
The Great British Baking Show: Collection 1: Cake,6/2/2019,raena
Stay Here: Season 1: Malibu Beach House,6/2/2019,raena
Stay Here: Season 1: Seattle Houseboat,6/2/2019,raena
Salt Fat Acid Heat: Season 1: Acid,3/2/2019,raena
Trump: An American Dream: Season 1: Manhattan,3/2/2019,raena
No Tomorrow: Season 1: Pilot,3/2/2019,raena
Bodyguard: Season 1: Episode 2,2/2/2019,raena
Bodyguard: Season 1: Episode 1,2/2/2019,raena
The People vs. O.J. Simpson: Season 1: The Verdict,1/2/2019,raena
The People vs. O.J. Simpson: Season 1: Manna from Heaven,1/2/2019,raena
The People vs. O.J. Simpson: Season 1: A Jury in Jail,31/1/2019,raena
The People vs. O.J. Simpson: Season 1: Conspiracy Theories,31/1/2019,raena
"The People vs. O.J. Simpson: Season 1: Marcia, Marcia, Marcia",31/1/2019,raena
The People vs. O.J. Simpson: Season 1: The Race Card,31/1/2019,raena
The People vs. O.J. Simpson: Season 1: 100% Not Guilty,31/1/2019,raena
The People vs. O.J. Simpson: Season 1: The Dream Team,29/1/2019,raena
The People vs. O.J. Simpson: Season 1: The Run of His Life,29/1/2019,raena
Salt Fat Acid Heat: Season 1: Salt,27/1/2019,raena
Unbreakable Kimmy Schmidt: Season 4: Kimmy Says Bye!,27/1/2019,raena
Unbreakable Kimmy Schmidt: Season 4: Kimmy is Rich*!,27/1/2019,raena
Unbreakable Kimmy Schmidt: Season 4: Kimmy Finds a Liar!,27/1/2019,raena
Unbreakable Kimmy Schmidt: Season 4: Sliding Van Doors,27/1/2019,raena
Unbreakable Kimmy Schmidt: Season 4: Kimmy is in a Love Square!,27/1/2019,raena
Unbreakable Kimmy Schmidt: Season 4: Kimmy Fights a Fire Monster!,27/1/2019,raena
The People vs. O.J. Simpson: Season 1: From the Ashes of Tragedy,26/1/2019,raena
The Final Table: Season 1: The Finale,26/1/2019,raena
The Final Table: Season 1: Japan,26/1/2019,raena
The Final Table: Season 1: France,26/1/2019,raena
The Final Table: Season 1: Italy,26/1/2019,raena
The Final Table: Season 1: USA,26/1/2019,raena
The Final Table: Season 1: India,26/1/2019,raena
The Final Table: Season 1: Brazil,26/1/2019,raena
The Assassination of Gianni Versace: Season 1: Alone,25/1/2019,raena
The Assassination of Gianni Versace: Season 1: Creator / Destroyer,25/1/2019,raena
The Assassination of Gianni Versace: Season 1: Ascent,25/1/2019,raena
The Assassination of Gianni Versace: Season 1: Descent,24/1/2019,raena
FYRE: The Greatest Party That Never Happened,24/1/2019,raena
The Assassination of Gianni Versace: Season 1: Don't Ask Don't Tell,24/1/2019,raena
The Assassination of Gianni Versace: Season 1: House by the Lake,24/1/2019,raena
The Assassination of Gianni Versace: Season 1: A Random Killing,22/1/2019,raena
The Assassination of Gianni Versace: Season 1: Manhunt,22/1/2019,raena
The Assassination of Gianni Versace: Season 1: The Man Who Would Be Vogue,22/1/2019,raena
The Blacklist: Season 1: The Freelancer (No. 145),21/1/2019,raena
The Blacklist: Season 1: Pilot,21/1/2019,raena
Solo: A Star Wars Story,21/1/2019,raena
Salt Fat Acid Heat: Season 1: Fat,8/1/2019,raena
Ozark: Season 1: My Dripping Sleep,2/1/2019,raena
Ozark: Season 1: Blue Cat,2/1/2019,raena
Ozark: Season 1: Sugarwood,2/1/2019,raena
One Day at a Time: Season 1: This Is It,2/1/2019,raena
"Fuller House: Season 1: Our Very First Show, Again",2/1/2019,raena
A Series of Unfortunate Events: Season 3: The End,2/1/2019,raena
A Series of Unfortunate Events: Season 3: Penultimate Peril: Part 2,2/1/2019,raena
A Series of Unfortunate Events: Season 3: Penultimate Peril: Part 1,2/1/2019,raena
A Series of Unfortunate Events: Season 3: Grim Grotto: Part 2,2/1/2019,raena
A Series of Unfortunate Events: Season 3: Grim Grotto: Part 1,1/1/2019,raena
A Series of Unfortunate Events: Season 3: Slippery Slope: Part 2,1/1/2019,raena
A Series of Unfortunate Events: Season 3: Slippery Slope: Part 1,1/1/2019,raena
Derry Girls: Season 1: Episode 6,30/12/2018,raena
Derry Girls: Season 1: Episode 5,29/12/2018,raena
Derry Girls: Season 1: Episode 4,29/12/2018,raena
Derry Girls: Season 1: Episode 3,27/12/2018,raena
Black Panther,26/12/2018,raena
Jack Whitehall: Travels with My Father: Season 2: Episode 1,26/12/2018,raena
Derry Girls: Season 1: Episode 1,26/12/2018,raena
Jack Whitehall: Travels with My Father: Season 1: Episode 1,26/12/2018,raena
Somebody Feed Phil: The Second Course: New York City,17/12/2018,raena
Somebody Feed Phil: The Second Course: Venice,17/12/2018,raena
Newsies: The Broadway Musical,16/12/2018,raena
The Christmas Chronicles,16/12/2018,raena
Nailed It! Holiday!: Season 1: Jingle Fails,16/12/2018,raena
When We First Met,16/12/2018,raena
Fuller House: Season 4: Big Night,15/12/2018,raena
Fuller House: Season 4: Oh My Santa,15/12/2018,raena
High School Musical 3: Senior Year,5/12/2018,raena
"Narcos: Mexico: Season 1: Rafa, Rafa, Rafa!",18/11/2018,raena
Narcos: Mexico: Season 1: El Padrino,18/11/2018,raena
Narcos: Mexico: Season 1: The Plaza System,18/11/2018,raena
Narcos: Mexico: Season 1: Camelot,17/11/2018,raena
Designated Survivor: Season 1: Pilot,16/11/2018,raena
Lion,5/11/2018,raena
The Haunting of Hill House: Steven Sees a Ghost,28/10/2018,raena
Mr Bean's Holiday,25/10/2018,raena
The Inbetweeners: Season 1: Girlfriend,21/10/2018,raena
The Inbetweeners: Season 1: Thorpe Park,21/10/2018,raena
The Inbetweeners: Season 1: Bunk Off,20/10/2018,raena
Ip Man,20/10/2018,raena
The Inbetweeners: Season 1: First Day,19/10/2018,raena
The Walking Dead: Season 8: Wrath,13/10/2018,raena
The Walking Dead: Season 8: Worth,13/10/2018,raena
The Walking Dead: Season 8: Still Gotta Mean Something,13/10/2018,raena
The Walking Dead: Season 8: Do Not Send Us Astray,12/10/2018,raena
The Walking Dead: Season 8: The Key,12/10/2018,raena
The Walking Dead: Season 8: Dead or Alive Or,12/10/2018,raena
The Walking Dead: Season 8: The Lost and The Plunderers,12/10/2018,raena
Elite: Season 1: Welcome,11/10/2018,raena
The Good Place: Season 1: What's My Motivation,10/10/2018,raena
The Good Place: Season 1: Chidi's Choice,10/10/2018,raena
The Good Place: Season 1: ...Someone Like Me as a Member,10/10/2018,raena
The Good Place: Season 1: Most Improved Player,10/10/2018,raena
The Good Place: Season 1: The Eternal Shriek,10/10/2018,raena
The Good Place: Season 1: What We Owe to Each Other,8/10/2018,raena
The Good Place: Season 1: Category 55 Emergency Doomsday Crisis,8/10/2018,raena
The Good Place: Season 1: Jason Mendoza,8/10/2018,raena
The Good Place: Season 1: Tahani Al-Jamil,8/10/2018,raena
The Good Place: Season 1: Flying,8/10/2018,raena
The Good Place: Season 1: Everything Is Fine,8/10/2018,raena
The Great British Baking Show: Collection 5: Cake Week,6/10/2018,raena
Nailed It!: Season 1: First Date to Life Mate,6/10/2018,raena
Shameless (U.S.): Season 1: Daddyz Girl,17/8/2018,raena
Shameless (U.S.): Season 1: Nana Gallagher Had An Affair,17/8/2018,raena
Shameless (U.S.): Season 1: But at Last Came a Knock,17/8/2018,raena
Shameless (U.S.): Season 1: It's Time To Kill the Turtle,17/8/2018,raena
"Shameless (U.S.): Season 1: Frank Gallagher: Loving Husband, Devoted Father",17/8/2018,raena
"Gossip Girl: Season 6: New York, I Love You, XOXO",15/8/2018,raena
Gossip Girl: Season 3: The Hurt Locket,15/8/2018,raena
Gossip Girl: Season 3: The Debarted,15/8/2018,raena
Gossip Girl: Season 3: The Treasure of Serena Madre,15/8/2018,raena
"Gossip Girl: Season 3: They Shoot Humphreys, Don't They?",15/8/2018,raena
Gossip Girl: Season 3: The Grandfather: Part ll,15/8/2018,raena
Gossip Girl: Season 3: How to Succeed in Bassness,15/8/2018,raena
Gossip Girl: Season 3: Enough About Eve,15/8/2018,raena
Gossip Girl: Season 3: Rufus Getting Married,15/8/2018,raena
Gossip Girl: Season 3: Dan de Fleurette,15/8/2018,raena
Gossip Girl: Season 3: The Lost Boy,15/8/2018,raena
Gossip Girl: Season 3: The Freshmen,15/8/2018,raena
Gossip Girl: Season 3: Reversals of Fortune,15/8/2018,raena
Gossip Girl: Season 2: The Goodbye Gossip Girl,15/8/2018,raena
Gossip Girl: Season 2: Southern Gentlemen Prefer Blondes,15/8/2018,raena
Gossip Girl: Season 2: Remains of the J,15/8/2018,raena
Gossip Girl: Season 2: The Age of Dissonance,15/8/2018,raena
Gossip Girl: Season 2: Carrnal Knowledge,15/8/2018,raena
Gossip Girl: Season 2: You've Got Yale!,15/8/2018,raena
"Gossip Girl: Season 2: O Brother, Where Bart Thou?",15/8/2018,raena
Gossip Girl: Season 2: It's a Wonderful Lie,15/8/2018,raena
Gossip Girl: Season 2: The Serena Also Rises,15/8/2018,raena
Gossip Girl: Season 2: The Ex-Files,15/8/2018,raena
Gossip Girl: Season 2: The Dark Night,15/8/2018,raena
Gossip Girl: Season 2: Never Been Marcused,15/8/2018,raena
"Gossip Girl: Season 2: Summer, Kind of Wonderful",14/8/2018,raena
Gossip Girl: Season 1: Much 'I Do' About Nothing,14/8/2018,raena
Gossip Girl: Season 1: All About My Brother,14/8/2018,raena
Gossip Girl: Season 1: Desperately Seeking Serena,14/8/2018,raena
Gossip Girl: Season 1: The Blair Bitch Project,14/8/2018,raena
Gossip Girl: Season 1: A Thin Line Between Chuck and Nate,14/8/2018,raena
Gossip Girl: Season 1: School Lies,14/8/2018,raena
Gossip Girl: Season 1: Roman Holiday,14/8/2018,raena
"Gossip Girl: Season 1: Hi, Society",14/8/2018,raena
Gossip Girl: Season 1: Blair Waldorf Must Pie!,14/8/2018,raena
Gossip Girl: Season 1: Seventeen Candles,14/8/2018,raena
"Gossip Girl: Season 1: Victor, Victrola",14/8/2018,raena
Gossip Girl: Season 1: The Handmaiden's Tale,14/8/2018,raena
Gossip Girl: Season 1: Dare Devil,14/8/2018,raena
Gossip Girl: Season 1: Bad News Blair,14/8/2018,raena
Gossip Girl: Season 1: Poison Ivy,13/8/2018,raena
Gossip Girl: Season 1: The Wild Brunch,13/8/2018,raena
Gossip Girl: Season 1: Pilot,13/8/2018,raena
Insatiable: Season 1: Why Bad Things Happen,13/8/2018,raena
Insatiable: Season 1: Winners Win. Period.,13/8/2018,raena
Insatiable: Season 1: Banana Heart Banana,13/8/2018,raena
Insatiable: Season 1: Bad Kitty,13/8/2018,raena
Insatiable: Season 1: Wieners and Losers,12/8/2018,raena
Insatiable: Season 1: Miss Magic Jesus,12/8/2018,raena
Insatiable: Season 1: Dunk 'N' Donut,12/8/2018,raena
Insatiable: Season 1: Bikinis and Bitches,12/8/2018,raena
Insatiable: Season 1: WMBS,12/8/2018,raena
Insatiable: Season 1: Miss Bareback Buckaroo,12/8/2018,raena
Insatiable: Season 1: Skinny Is Magic,12/8/2018,raena
Insatiable: Season 1: Pilot,11/8/2018,raena
Master of None: Season 1: Plan B,10/8/2018,raena
Freaks and Geeks: Season 1: Pilot Episode,9/8/2018,raena
Shameless (U.S.): Season 8: Sleepwalking,9/8/2018,raena
Shameless (U.S.): Season 8: A Gallagher Pedicure,9/8/2018,raena
Shameless (U.S.): Season 8: The Church of Gay Jesus,9/8/2018,raena
Shameless (U.S.): Season 8: The Fugees,8/8/2018,raena
Shameless (U.S.): Season 8: Frank's Northern Shuttle Express,8/8/2018,raena
Shameless (U.S.): Season 8: Occupy Fiona,8/8/2018,raena
Shameless (U.S.): Season 8: Icarus Fell. And Rusty Ate Him.,8/8/2018,raena
Shameless (U.S.): Season 8: The (Mis)Education of Liam Fergus Beircheart Gallagher,7/8/2018,raena
Shameless (U.S.): Season 8: F**k Paying It Forward,7/8/2018,raena
Shameless (U.S.): Season 8: God Bless Her Rotting Soul,7/8/2018,raena
Shameless (U.S.): Season 8: Where's My Meth?!,7/8/2018,raena
Shameless (U.S.): Season 8: We Become What We... Frank!,7/8/2018,raena
Shameless (U.S.): Season 7: Requiem for a Slut,6/8/2018,raena
GLOW: Season 2: Work the Leg,26/7/2018,raena
"GLOW: Season 2: Perverts Are People, Too",26/7/2018,raena
GLOW: Season 2: Mother of All Matches,26/7/2018,raena
GLOW: Season 2: Concerned Women of America,26/7/2018,raena
GLOW: Season 2: Candy of the Year,26/7/2018,raena
GLOW: Season 2: Viking Funeral,26/7/2018,raena
GLOW: Season 1: Money’s in the Chase,25/7/2018,raena
GLOW: Season 1: The Liberal Chokehold,25/7/2018,raena
GLOW: Season 1: Maybe It’s All the Disco,25/7/2018,raena
GLOW: Season 1: Live Studio Audience,25/7/2018,raena
GLOW: Season 1: The Dusty Spur,24/7/2018,raena
GLOW: Season 1: The Wrath of Kuntar,24/7/2018,raena
GLOW: Season 1: Slouch. Submit.,23/7/2018,raena
GLOW: Season 1: Pilot,23/7/2018,raena
Sugar Rush: Season 1: Surprise!,23/7/2018,raena
Doctor Strange,22/7/2018,raena
DC's Legends of Tomorrow: Season 3: Zari,29/6/2018,raena
Jane The Virgin: Season 1: Chapter Nineteen,29/6/2018,raena
DC's Legends of Tomorrow: Season 3: Freakshow,28/6/2018,raena
DC's Legends of Tomorrow: Season 3: Aruba-Con,28/6/2018,raena
Jane The Virgin: Season 1: Chapter Eighteen,28/6/2018,raena
The Flash: Season 4: We Are the Flash,27/6/2018,raena
The Flash: Season 4: Think Fast,27/6/2018,raena
The Flash: Season 4: Harry and the Harrisons,25/6/2018,raena
The Flash: Season 4: Therefore She Is,25/6/2018,raena
The Flash: Season 4: Fury Rogue,23/6/2018,raena
The Flash: Season 4: Lose Yourself,23/6/2018,raena
The Flash: Season 4: Null and Annoyed,23/6/2018,raena
"The Flash: Season 4: Run Iris, Run",23/6/2018,raena
The Flash: Season 4: Enter Flashtime,23/6/2018,raena
Queer Eye: Season 2: Big Little Lies,23/6/2018,raena
The Flash: Season 4: Subject 9,23/6/2018,raena
The Flash: Season 4: True Colors,23/6/2018,raena
"The Flash: Season 4: Honey, I Shrunk Team Flash",23/6/2018,raena
The Flash: Season 4: The Elongated Knight Rises,23/6/2018,raena
The Flash: Season 4: The Trial of the Flash,23/6/2018,raena
The Flash: Season 4: Don't Run,23/6/2018,raena
Queer Eye: Season 2: Sky's the Limit,23/6/2018,raena
"The Flash: Season 4: Crisis on Earth-X, Part 3",22/6/2018,raena
The Flash: Season 4: Therefore I Am,22/6/2018,raena
The Flash: Season 4: When Harry Met Harry...,22/6/2018,raena
Criminal Minds: Season 1: The Fox,22/6/2018,raena
Criminal Minds: Season 1: L.D.S.K.,22/6/2018,raena
Criminal Minds: Season 1: Broken Mirror,22/6/2018,raena
Criminal Minds: Season 1: Plain Sight,22/6/2018,raena
Criminal Minds: Season 1: Won't Get Fooled Again,22/6/2018,raena
Criminal Minds: Season 1: Extreme Aggressor,22/6/2018,raena
The Flash: Season 4: Girl's Night Out,21/6/2018,raena
The Flash: Season 4: Elongated Journey into Night,21/6/2018,raena
Queer Eye: Season 1: You Can't Fix Ugly,21/6/2018,raena
Queer Eye: Season 2: Make Ted Great Again,21/6/2018,raena
Sex and the City 2,21/6/2018,raena
Monsters vs. Aliens,21/6/2018,raena
The Flash: Season 4: Luck Be a Lady,20/6/2018,raena
Queer Eye: Season 2: Bedazzled,20/6/2018,raena
Queer Eye: Season 2: The Handyman Can,20/6/2018,raena
Queer Eye: Season 2: Unleash the Sexy Beast,16/6/2018,raena
Queer Eye: Season 2: A Decent Proposal,15/6/2018,raena
The Flash: Season 4: Mixed Signals,9/6/2018,raena
The Flash: Season 4: The Flash Reborn,9/6/2018,raena
 ,9/6/2018,raena
I Am Legend,9/6/2018,raena
 ,8/6/2018,raena
The SpongeBob SquarePants Movie,8/6/2018,raena
Scream: Season 1: Revelations,4/6/2018,raena
Scream: Season 1: The Dance,4/6/2018,raena
Scream: Season 1: Ghosts,4/6/2018,raena
Avatar: The Last Airbender: Avatar: The Last Airbender: Book 2: The Cave of Two Lovers,3/6/2018,raena
Avatar: The Last Airbender: Avatar: The Last Airbender: Book 1: The Storm,3/6/2018,raena
 ,2/6/2018,raena
Easy A,2/6/2018,raena
The Kissing Booth,2/6/2018,raena
Unbreakable Kimmy Schmidt: Season 4: Kimmy Meets an Old Friend!,1/6/2018,raena
Unbreakable Kimmy Schmidt: Season 4: Kimmy and the Beest!,1/6/2018,raena
Unbreakable Kimmy Schmidt: Season 4: Kimmy Disrupts the Paradigm!,1/6/2018,raena
Unbreakable Kimmy Schmidt: Season 4: Party Monster: Scratching the Surface,1/6/2018,raena
Unbreakable Kimmy Schmidt: Season 4: Kimmy Has a Weekend!,1/6/2018,raena
"Unbreakable Kimmy Schmidt: Season 4: Kimmy Is... Little Girl, Big City!",1/6/2018,raena
Captain America: The First Avenger,29/5/2018,raena
Ali Wong: Hard Knock Wife,29/5/2018,raena
SpongeBob SquarePants: Season 1: Scaredy Pants / I Was a Teenage Gary,29/5/2018,raena
Jane The Virgin: Season 1: Chapter Seventeen,28/5/2018,raena
 ,28/5/2018,raena
SpongeBob SquarePants: Season 1: The Chaperone / Employee of the Month,28/5/2018,raena
SpongeBob SquarePants: Season 1: Musclebob Buffpants / Squidward the Unfriendly Ghost,28/5/2018,raena
SpongeBob SquarePants: Season 1: Culture Shock / F.U.N.,28/5/2018,raena
Jane The Virgin: Season 1: Chapter Sixteen,27/5/2018,raena
 ,26/5/2018,raena
Jane The Virgin: Season 1: Chapter Fifteen,26/5/2018,raena
Nanny McPhee,26/5/2018,raena
 ,26/5/2018,raena
SpongeBob SquarePants: Season 1: Help Wanted / Reef Blowers / Tea at the Treedome,26/5/2018,raena
Jane The Virgin: Season 1: Chapter Fourteen,26/5/2018,raena
Jane The Virgin: Season 1: Chapter Thirteen,25/5/2018,raena
Jane The Virgin: Season 1: Chapter Twelve,25/5/2018,raena
Jane The Virgin: Season 1: Chapter Eleven,25/5/2018,raena
Jane The Virgin: Season 1: Chapter Ten,25/5/2018,raena
Jane The Virgin: Season 1: Chapter Nine,25/5/2018,raena
Jane The Virgin: Season 1: Chapter Eight,24/5/2018,raena
Jane The Virgin: Season 1: Chapter Seven,24/5/2018,raena
Jane The Virgin: Season 1: Chapter Six,24/5/2018,raena
Jane The Virgin: Season 1: Chapter Five,24/5/2018,raena
Jane The Virgin: Season 1: Chapter Four,24/5/2018,raena
Jane The Virgin: Season 1: Chapter Three,24/5/2018,raena
Dear White People: Volume 2: Chapter IX,24/5/2018,raena
"Gossip Girl: Season 5: Crazy, Cupid, Love",23/5/2018,raena
Gossip Girl: Season 5: The Backup Dan,23/5/2018,raena
Gossip Girl: Season 5: G.G,23/5/2018,raena
Gossip Girl: Season 5: Father and the Bride,23/5/2018,raena
Dear White People: Volume 2: Chapter VIII,23/5/2018,raena
Dear White People: Volume 2: Chapter VII,22/5/2018,raena
Dear White People: Volume 2: Chapter VI,22/5/2018,raena
Dear White People: Volume 2: Chapter V,22/5/2018,raena
Dear White People: Volume 2: Chapter IV,22/5/2018,raena
Dear White People: Volume 2: Chapter III,22/5/2018,raena
Dear White People: Volume 2: Chapter II,21/5/2018,raena
Dear White People: Volume 2: Chapter I,21/5/2018,raena
Dear White People: Volume 1: Chapter X,21/5/2018,raena
Dear White People: Volume 1: Chapter IX,21/5/2018,raena
Dear White People: Volume 1: Chapter VIII,21/5/2018,raena
Dear White People: Volume 1: Chapter VII,21/5/2018,raena
Dear White People: Volume 1: Chapter VI,21/5/2018,raena
Dear White People: Volume 1: Chapter V,21/5/2018,raena
Dear White People: Volume 1: Chapter IV,21/5/2018,raena
Dear White People: Volume 1: Chapter III,21/5/2018,raena
"How to Get Away With Murder: Season 1: Smile, or Go to Jail",21/5/2018,raena
How to Get Away With Murder: Season 1: It's All Her Fault,21/5/2018,raena
Gossip Girl: Season 5: The End of the Affair?,20/5/2018,raena
Gossip Girl: Season 5: Riding in Town Cars With Boys,20/5/2018,raena
Gossip Girl: Season 5: Rhodes to Perdition,20/5/2018,raena
Gossip Girl: Season 5: All the Pretty Sources,20/5/2018,raena
Gossip Girl: Season 5: The Big Sleep No More,20/5/2018,raena
Scandal: Season 7: Vampires and Bloodsuckers,19/5/2018,raena
On My Block: Season 1: Chapter Ten,19/5/2018,raena
On My Block: Season 1: Chapter Nine,19/5/2018,raena
On My Block: Season 1: Chapter Eight,19/5/2018,raena
On My Block: Season 1: Chapter Seven,19/5/2018,raena
On My Block: Season 1: Chapter Six,19/5/2018,raena
On My Block: Season 1: Chapter Five,19/5/2018,raena
On My Block: Season 1: Chapter Four,19/5/2018,raena
On My Block: Season 1: Chapter Three,19/5/2018,raena
On My Block: Season 1: Chapter Two,19/5/2018,raena
On My Block: Season 1: Chapter One,19/5/2018,raena
How to Get Away With Murder: Season 1: Pilot,19/5/2018,raena
How to Get Away With Murder: Season 4: Nobody Else Is Dying,18/5/2018,raena
How to Get Away With Murder: Season 4: The Day Before He Died,18/5/2018,raena
How to Get Away With Murder: Season 4: Lahey v. Commonwealth of Pennsylvania,18/5/2018,raena
How to Get Away With Murder: Season 4: Ask Him About Stella,18/5/2018,raena
How to Get Away With Murder: Season 4: He's a Bad Father,18/5/2018,raena
How to Get Away With Murder: Season 4: Everything We Did Was for Nothing,18/5/2018,raena
How to Get Away With Murder: Season 4: He's Dead,18/5/2018,raena
How to Get Away With Murder: Season 4: Live. Live. Live,18/5/2018,raena
How to Get Away With Murder: Season 4: Nobody Roots for Goliath,18/5/2018,raena
"How to Get Away With Murder: Season 4: Stay Strong, Mama",18/5/2018,raena
How to Get Away With Murder: Season 4: I Love Her,18/5/2018,raena
How to Get Away With Murder: Season 4: Was She Ever Good at Her Job?,18/5/2018,raena
How to Get Away With Murder: Season 4: It's for the Greater Good,18/5/2018,raena
How to Get Away With Murder: Season 4: I'm Not Her,18/5/2018,raena
How to Get Away With Murder: Season 4: I'm Going Away,17/5/2018,raena
Gossip Girl: Season 5: Beauty and the Feast,16/5/2018,raena
"Gossip Girl: Season 5: Yes, Then Zero",16/5/2018,raena
Gossip Girl: Season 4: The Wrong Goodbye,14/5/2018,raena
Gossip Girl: Season 4: The Princesses and the Frog,12/5/2018,raena
Gossip Girl: Season 4: Petty in Pink,12/5/2018,raena
Gossip Girl: Season 4: The Kids Stay in the Picture,12/5/2018,raena
Riverdale: Season 2: Chapter Twenty-Five: The Wicked and the Divine,12/5/2018,raena
Riverdale: Season 2: Chapter Twenty-Four: The Wrestler,11/5/2018,raena
Riverdale: Season 2: Chapter Twenty-Three: The Blackboard Jungle,11/5/2018,raena
Gossip Girl: Season 4: Empire of the Son,11/5/2018,raena
Gossip Girl: Season 4: While You Weren't Sleeping,11/5/2018,raena
Gossip Girl: Season 4: It-Girl Happened One Night,11/5/2018,raena
Gossip Girl: Season 4: Panic Roommate,11/5/2018,raena
Gossip Girl: Season 4: Damien Darko,11/5/2018,raena
Gossip Girl: Season 4: The Kids Are Not All Right,11/5/2018,raena
Gossip Girl: Season 4: The Townie,11/5/2018,raena
The Good Place: Season 2: Somewhere Else,11/5/2018,raena
The Good Place: Season 2: The Burrito,11/5/2018,raena
"The Good Place: Season 2: Rhonda, Diana, Jake, and Trent",11/5/2018,raena
The Good Place: Season 2: Best Self,11/5/2018,raena
The Good Place: Season 2: Leap to Faith,11/5/2018,raena
The Good Place: Season 2: Derek,11/5/2018,raena
Gossip Girl: Season 4: Gaslit,11/5/2018,raena
Gossip Girl: Season 4: The Witches of Bushwick,10/5/2018,raena
Gossip Girl: Season 4: Juliet Doesn't Live Here Anymore,10/5/2018,raena
Gossip Girl: Season 4: War at the Roses,10/5/2018,raena
Gossip Girl: Season 4: Easy J,10/5/2018,raena
"Gossip Girl: Season 4: Goodbye, Columbia",10/5/2018,raena
Gossip Girl: Season 4: Touch of Eva,10/5/2018,raena
Gossip Girl: Season 4: The Undergraduates,8/5/2018,raena
Gossip Girl: Season 4: Double Identity,8/5/2018,raena
Gossip Girl: Season 4: Belles de Jour,7/5/2018,raena
"Gossip Girl: Season 3: Last Tango, Then Paris",7/5/2018,raena
Gossip Girl: Season 3: Ex-Husbands and Wives,7/5/2018,raena
"Gossip Girl: Season 3: It's a Dad, Dad, Dad, Dad World",7/5/2018,raena
Gossip Girl: Season 3: Dr. Estrangeloved,6/5/2018,raena
Gossip Girl: Season 3: The Unblairable Lightness of Being,6/5/2018,raena
Gossip Girl: Season 3: Inglorius Bassterds,6/5/2018,raena
Gossip Girl: Season 3: The Empire Strikes Jack,6/5/2018,raena
Pretty Little Liars: Season 1: Keep Your Friends Close,6/5/2018,raena
Gossip Girl: Season 3: The Sixteen Year Old Virgin,6/5/2018,raena
Gossip Girl: Season 3: The Lady Vanished,6/5/2018,raena
Jane The Virgin: Season 4: Chapter Eighty-One,5/5/2018,raena
Jane The Virgin: Season 4: Chapter Eighty,5/5/2018,raena
Jane The Virgin: Season 4: Chapter Seventy-Nine,5/5/2018,raena
Jane The Virgin: Season 4: Chapter Seventy-Eight,5/5/2018,raena
Jane The Virgin: Season 4: Chapter Seventy-Seven,5/5/2018,raena
Jane The Virgin: Season 4: Chapter Seventy-Six,5/5/2018,raena
Jane The Virgin: Season 4: Chapter Seventy-Five,5/5/2018,raena
Captain America: Civil War,5/5/2018,raena
Jane The Virgin: Season 4: Chapter Seventy-Four,4/5/2018,raena
Jane The Virgin: Season 4: Chapter Seventy-Three,4/5/2018,raena
The Proposal,3/5/2018,raena
The Avengers,3/5/2018,raena
Jane The Virgin: Season 4: Chapter Seventy-Two,3/5/2018,raena
Jane The Virgin: Season 4: Chapter Seventy-One,3/5/2018,raena
Jane The Virgin: Season 4: Chapter Seventy,3/5/2018,raena
Jane The Virgin: Season 4: Chapter Sixty-Nine,3/5/2018,raena
Jane The Virgin: Season 4: Chapter Sixty-Eight,3/5/2018,raena
Jane The Virgin: Season 4: Chapter Sixty-Seven,3/5/2018,raena
Jane The Virgin: Season 4: Chapter Sixty-Six,3/5/2018,raena
Jane The Virgin: Season 4: Chapter Sixty-Five,3/5/2018,raena
NCIS: Season 3: Family Secret,28/4/2018,raena
NCIS: Season 3: Probie,28/4/2018,raena
NCIS: Season 3: Frame-Up,13/4/2018,raena
NCIS: Season 3: Under Covers,13/4/2018,raena
NCIS: Season 3: Honor Code,13/4/2018,raena
NCIS: Season 3: Kill Ari: Part 2,13/4/2018,raena
NCIS: Season 3: Kill Ari: Part 1,11/4/2018,raena
NCIS: Season 2: S.W.A.K.,11/4/2018,raena
NCIS: Season 2: Hometown Hero,10/4/2018,raena
NCIS: Season 2: Red Cell,8/4/2018,raena
NCIS: Season 2: Conspiracy Theory,8/4/2018,raena
NCIS: Season 2: Witness,8/4/2018,raena
NCIS: Season 2: The Meat Puzzle,6/4/2018,raena
NCIS: Season 2: Doppelganger,5/4/2018,raena
NCIS: Season 2: Vanished,5/4/2018,raena
NCIS: Season 2: The Good Wives Club,30/3/2018,raena
NCIS: Season 2: See No Evil,29/3/2018,raena
The Walking Dead: Season 5: Self Help,29/3/2018,raena
The Walking Dead: Season 5: Slabtown,29/3/2018,raena
The Walking Dead: Season 5: Strangers,29/3/2018,raena
The Walking Dead: Season 4: Live Bait,29/3/2018,raena
The Walking Dead: Season 4: Internment,29/3/2018,raena
Grey's Anatomy: Season 6: The Time Warp,28/3/2018,raena
NCIS: Season 1: Reveille,28/3/2018,raena
NCIS: Season 1: A Weak Link,28/3/2018,raena
The Walking Dead: Season 4: Indifference,28/3/2018,raena
The Walking Dead: Season 4: Isolation,28/3/2018,raena
NCIS: Season 1: Split Decision,28/3/2018,raena
The Walking Dead: Season 4: Infected,28/3/2018,raena
The Walking Dead: Season 4: 30 Days Without an Accident,28/3/2018,raena
NCIS: Season 1: Missing,28/3/2018,raena
The Walking Dead: Season 3: Welcome to the Tombs,28/3/2018,raena
NCIS: Season 1: Dead Man Talking,28/3/2018,raena
The Walking Dead: Season 3: When the Dead Come Knocking,28/3/2018,raena
The Walking Dead: Season 3: Hounded,28/3/2018,raena
The Walking Dead: Season 3: Say the Word,28/3/2018,raena
The Walking Dead: Season 3: Walk with Me,28/3/2018,raena
The Walking Dead: Season 3: Sick,28/3/2018,raena
NCIS: Season 1: Unsealed,28/3/2018,raena
The Walking Dead: Season 3: Seed,28/3/2018,raena
The Walking Dead: Season 2: Beside the Dying Fire,28/3/2018,raena
The Walking Dead: Season 2: Better Angels,28/3/2018,raena
"The Walking Dead: Season 2: Judge, Jury, Executioner",28/3/2018,raena
NCIS: Season 1: The Truth Is Out There,28/3/2018,raena
NCIS: Season 1: Yankee White,28/3/2018,raena
Grey's Anatomy: Season 6: Valentine's Day Massacre,28/3/2018,raena
Grey's Anatomy: Season 6: State of Love And Trust,27/3/2018,raena
Grey's Anatomy: Season 6: I Like You So Much Better When You're Naked,27/3/2018,raena
The Walking Dead: Season 2: 18 Miles Out,27/3/2018,raena
The Walking Dead: Season 2: Triggerfinger,27/3/2018,raena
The Walking Dead: Season 2: Nebraska,27/3/2018,raena
The Walking Dead: Season 2: Pretty Much Dead Already,27/3/2018,raena
The Walking Dead: Season 2: Secrets,27/3/2018,raena
The Walking Dead: Season 2: Chupacabra,27/3/2018,raena
The Walking Dead: Season 2: Cherokee Rose,27/3/2018,raena
The Walking Dead: Season 2: Save the Last One,27/3/2018,raena
The Walking Dead: Season 2: Bloodletting,27/3/2018,raena
The Walking Dead: Season 2: What Lies Ahead,27/3/2018,raena
The Walking Dead: Season 1: TS-19,27/3/2018,raena
The Walking Dead: Season 1: Wildfire,27/3/2018,raena
The Walking Dead: Season 1: Vatos,27/3/2018,raena
The Walking Dead: Season 1: Tell It to the Frogs,27/3/2018,raena
The Walking Dead: Season 1: Guts,27/3/2018,raena
The Walking Dead: Season 1: Days Gone Bye,27/3/2018,raena
Scandal: Season 5: Heavy Is the Head,6/2/2018,raena
Scandal: Season 4: You Can't Take Command,29/1/2018,raena
Scandal: Season 4: A Few Good Women,29/1/2018,raena
Scandal: Season 4: First Lady Sings the Blues,29/1/2018,raena
Scandal: Season 4: I'm Just a Bill,29/1/2018,raena
Scandal: Season 4: Honor Thy Father,29/1/2018,raena
Scandal: Season 4: Put a Ring on It,27/1/2018,raena
Scandal: Season 4: It's Good to Be Kink,27/1/2018,raena
Scandal: Season 4: The Testimony of Diego Muñoz,24/1/2018,raena
Scandal: Season 4: The Lawn Chair,22/1/2018,raena
Scandal: Season 4: No More Blood,22/1/2018,raena
Scandal: Season 4: Gladiators Don’t Run,22/1/2018,raena
Scandal: Season 4: Where's the Black Lady?,20/1/2018,raena
Scandal: Season 4: Run,20/1/2018,raena
Scandal: Season 4: Where the Sun Don't Shine,19/1/2018,raena
Scandal: Season 4: The Last Supper,19/1/2018,raena
Scandal: Season 4: Baby Made a Mess,19/1/2018,raena
Scandal: Season 4: An Innocent Man,19/1/2018,raena
Scandal: Season 4: The Key,18/1/2018,raena
"Scandal: Season 4: Like Father, Like Daughter",18/1/2018,raena
Scandal: Season 4: Inside the Bubble,17/1/2018,raena
Scandal: Season 4: The State of the Union,17/1/2018,raena
"Scandal: Season 4: Randy, Red, Superfreak and Julia",17/1/2018,raena
Scandal: Season 3: The Price of Free and Fair Election,17/1/2018,raena
Scandal: Season 3: Flesh and Blood,17/1/2018,raena
Scandal: Season 3: The Fluffer,16/1/2018,raena
Scandal: Season 3: Mama Said Knock You Out,16/1/2018,raena
Scandal: Season 3: Kiss Kiss Bang Bang,16/1/2018,raena
Unbreakable Kimmy Schmidt: Season 3: Kimmy Bites an Onion!,16/1/2018,raena
Unbreakable Kimmy Schmidt: Season 3: Kimmy and the Trolley Problem!,16/1/2018,raena
Unbreakable Kimmy Schmidt: Season 3: Kimmy Googles the Internet!,16/1/2018,raena
Unbreakable Kimmy Schmidt: Season 3: Kimmy Pulls Off a Heist!,16/1/2018,raena
Unbreakable Kimmy Schmidt: Season 3: Kimmy Goes to Church!,16/1/2018,raena
Unbreakable Kimmy Schmidt: Season 3: Kimmy Does a Puzzle!,15/1/2018,raena
Unbreakable Kimmy Schmidt: Season 3: Kimmy Learns About the Weather!,15/1/2018,raena
Unbreakable Kimmy Schmidt: Season 3: Kimmy Is a Feminist!,15/1/2018,raena
Unbreakable Kimmy Schmidt: Season 3: Kimmy Steps on a Crack!,15/1/2018,raena
Unbreakable Kimmy Schmidt: Season 3: Kimmy Goes to College!,15/1/2018,raena
Scandal: Season 3: No Sun on the Horizon,15/1/2018,raena
Unbreakable Kimmy Schmidt: Season 3: Kimmy Can't Help You!,15/1/2018,raena
Unbreakable Kimmy Schmidt: Season 3: Kimmy's Roommate Lemonades!,15/1/2018,raena
Scandal: Season 3: We Do Not Touch the First Ladies,15/1/2018,raena
"Scandal: Season 3: Ride, Sally, Ride",15/1/2018,raena
Scandal: Season 3: A Door Marked Exit,15/1/2018,raena
Unbreakable Kimmy Schmidt: Season 3: Kimmy Gets Divorced?!,14/1/2018,raena
Unbreakable Kimmy Schmidt: Season 2: Kimmy Finds Her Mom!,14/1/2018,raena
Unbreakable Kimmy Schmidt: Season 2: Kimmy Sees a Sunset!,14/1/2018,raena
Unbreakable Kimmy Schmidt: Season 2: Kimmy Meets a Celebrity!,14/1/2018,raena
Unbreakable Kimmy Schmidt: Season 2: Kimmy Goes to Her Happy Place!,14/1/2018,raena
Unbreakable Kimmy Schmidt: Season 2: Kimmy Meets a Drunk Lady!,14/1/2018,raena
Unbreakable Kimmy Schmidt: Season 2: Kimmy Goes to a Hotel!,14/1/2018,raena
Unbreakable Kimmy Schmidt: Season 2: Kimmy Walks Into a Bar!,14/1/2018,raena
Scandal: Season 3: YOLO,13/1/2018,raena
Unbreakable Kimmy Schmidt: Season 2: Kimmy Drives a Car!,13/1/2018,raena
Unbreakable Kimmy Schmidt: Season 2: Kimmy Gives Up!,13/1/2018,raena
Unbreakable Kimmy Schmidt: Season 2: Kimmy Kidnaps Gretchen!,13/1/2018,raena
Unbreakable Kimmy Schmidt: Season 2: Kimmy Goes to a Play!,13/1/2018,raena
Unbreakable Kimmy Schmidt: Season 2: Kimmy Goes on a Playdate!,13/1/2018,raena
Unbreakable Kimmy Schmidt: Season 2: Kimmy Goes Roller Skating!,13/1/2018,raena
Unbreakable Kimmy Schmidt: Season 1: Kimmy Makes Waffles!,13/1/2018,raena
Unbreakable Kimmy Schmidt: Season 1: Kimmy Goes to Court!,13/1/2018,raena
Unbreakable Kimmy Schmidt: Season 1: Kimmy Rides a Bike!,13/1/2018,raena
Unbreakable Kimmy Schmidt: Season 1: Kimmy's in a Love Triangle!,13/1/2018,raena
Unbreakable Kimmy Schmidt: Season 1: Kimmy is Bad at Math!,12/1/2018,raena
Unbreakable Kimmy Schmidt: Season 1: Kimmy Goes to a Party!,12/1/2018,raena
Unbreakable Kimmy Schmidt: Season 1: Kimmy Goes to School!,12/1/2018,raena
Unbreakable Kimmy Schmidt: Season 1: Kimmy Kisses a Boy!,12/1/2018,raena
Unbreakable Kimmy Schmidt: Season 1: Kimmy Goes to the Doctor!,12/1/2018,raena
Unbreakable Kimmy Schmidt: Season 1: Kimmy Goes on a Date!,12/1/2018,raena
"Scandal: Season 3: Vermont Is for Lovers, Too",12/1/2018,raena
Scandal: Season 3: Everything's Coming Up Mellie,12/1/2018,raena
Unbreakable Kimmy Schmidt: Season 1: Kimmy Gets a Job!,12/1/2018,raena
Unbreakable Kimmy Schmidt: Season 1: Kimmy Goes Outside!,12/1/2018,raena
Scandal: Season 3: Icarus,12/1/2018,raena
"Scandal: Season 3: More Cattle, Less Bull",11/1/2018,raena
Scandal: Season 3: Say Hello to My Little Friend,11/1/2018,raena
Scandal: Season 3: Mrs. Smith Goes to Washington,10/1/2018,raena
Scandal: Season 3: Guess Who's Coming to Dinner,21/12/2017,raena
Shameless (U.S.): Season 7: Happily Ever After,12/12/2017,raena
Shameless (U.S.): Season 7: Ride or Die,12/12/2017,raena
Shameless (U.S.): Season 7: Ouroboros,12/12/2017,raena
"Shameless (U.S.): Season 7: You Sold Me the Laundromat, Remember?",12/12/2017,raena
Shameless (U.S.): Season 7: You'll Never Ever Get a Chicken in Your Whole Entire Life,12/12/2017,raena
Shameless (U.S.): Season 7: The Defenestration of Frank,12/12/2017,raena
Shameless (U.S.): Season 7: Own Your Sh*t,12/12/2017,raena
Shameless (U.S.): Season 7: I Am a Storm,12/12/2017,raena
Shameless (U.S.): Season 7: Home Sweet Homeless Shelter,12/12/2017,raena
"Shameless (U.S.): Season 7: Swipe, F**k, Leave",12/12/2017,raena
Shameless (U.S.): Season 7: Hiraeth,12/12/2017,raena
Shameless (U.S.): Season 6: Familia Supra Gallegorious Omnia!,12/12/2017,raena
Shameless (U.S.): Season 6: Sleep No More,12/12/2017,raena
Shameless (U.S.): Season 6: Paradise Lost,12/12/2017,raena
Shameless (U.S.): Season 6: A Yurt of One's Own,12/12/2017,raena
Shameless (U.S.): Season 6: Be a Good Boy. Come for Grandma,12/12/2017,raena
Shameless (U.S.): Season 6: Pimp's Paradise,12/12/2017,raena
Shameless (U.S.): Season 6: NSFW,12/12/2017,raena
Shameless (U.S.): Season 6: Refugees,12/12/2017,raena
"Shameless (U.S.): Season 6: Going Once, Going Twice",12/12/2017,raena
Shameless (U.S.): Season 6: The F Word,11/12/2017,raena
Shameless (U.S.): Season 6: #AbortionRules,11/12/2017,raena
Shameless (U.S.): Season 6: I Only Miss Her When I'm Breathing,11/12/2017,raena
Shameless (U.S.): Season 5: Love Songs (In the Key of Gallagher),11/12/2017,raena
Shameless (U.S.): Season 5: Drugs Actually,11/12/2017,raena
Shameless (U.S.): Season 5: South Side Rules,11/12/2017,raena
Shameless (U.S.): Season 5: Carl's First Sentencing,11/12/2017,raena
Shameless (U.S.): Season 5: Uncle Carl,11/12/2017,raena
Shameless (U.S.): Season 5: Tell Me You F**king Need Me,11/12/2017,raena
Shameless (U.S.): Season 5: Crazy Love,11/12/2017,raena
Shameless (U.S.): Season 5: Rite of Passage,10/12/2017,raena
That '70s Show: Season 1: Pilot,10/12/2017,raena
Born in China,10/12/2017,raena
"Shameless (U.S.): Season 5: A Night to Remem...Wait, What?",10/12/2017,raena
The Crown: Season 2: Beryl,9/12/2017,raena
The Crown: Season 2: Lisbon,9/12/2017,raena
The Crown: Season 2: A Company of Men,9/12/2017,raena
The Crown: Season 2: Misadventure,9/12/2017,raena
The Crown: Season 1: Wolferton Splash,8/12/2017,raena
Shameless (U.S.): Season 5: The Two Lisas,8/12/2017,raena
Shameless (U.S.): Season 5: I'm the Liver,8/12/2017,raena
Shameless (U.S.): Season 5: Milk of the Gods,8/12/2017,raena
Shameless (U.S.): Season 4: Lazarus,8/12/2017,raena
Guardians of the Galaxy Vol. 2,8/12/2017,raena
The Great British Baking Show: Collection 3: Bread,8/12/2017,raena
Rogue One: A Star Wars Story,7/12/2017,raena
Shameless (U.S.): Season 4: Emily,7/12/2017,raena
"Shameless (U.S.): Season 4: Liver, I Hardly Know Her",7/12/2017,raena
Shameless (U.S.): Season 4: The Legend of Bonnie and Carl,7/12/2017,raena
Shameless (U.S.): Season 4: Hope Springs Paternal,7/12/2017,raena
"Shameless (U.S.): Season 4: A Jailbird, Invalid, Martyr, Cutter, Retard, and Parasitic Twin",7/12/2017,raena
Shameless (U.S.): Season 4: Strangers on a Train,7/12/2017,raena
"Shameless (U.S.): Season 4: Like Father, Like Daughter",7/12/2017,raena
Shameless (U.S.): Season 4: My Oldest Daughter,7/12/2017,raena
Shameless (U.S.): Season 4: Simple Pleasures,6/12/2017,raena
Shameless (U.S.): Season 3: Survival of the Fittest,6/12/2017,raena
Shameless (U.S.): Season 3: Order Room Service,6/12/2017,raena
Shameless (U.S.): Season 3: Civil Wrongs,6/12/2017,raena
Shameless (U.S.): Season 3: Frank the Plumber,6/12/2017,raena
Shameless (U.S.): Season 3: When There's a Will,6/12/2017,raena
Shameless (U.S.): Season 3: A Long Way from Home,6/12/2017,raena
Shameless (U.S.): Season 3: Cascading Failures,6/12/2017,raena
Shameless (U.S.): Season 3: The Sins of My Caretaker,6/12/2017,raena
Shameless (U.S.): Season 3: The Helpful Gallaghers,6/12/2017,raena
Shameless (U.S.): Season 3: May I Trim Your Hedges?,5/12/2017,raena
Shameless (U.S.): Season 3: The American Dream,5/12/2017,raena
Shameless (U.S.): Season 3: El Gran Cañon,5/12/2017,raena
Shameless (U.S.): Season 2: Fiona Interrupted,5/12/2017,raena
Shameless (U.S.): Season 2: Just Like the Pilgrims Intended,5/12/2017,raena
Shameless (U.S.): Season 2: A Great Cause,5/12/2017,raena
Shameless (U.S.): Season 2: Hurricane Monica,5/12/2017,raena
Shameless (U.S.): Season 2: Parenthood,5/12/2017,raena
Shameless (U.S.): Season 2: A Bottle of Jean Nate,5/12/2017,raena
Shameless (U.S.): Season 2: Can I Have a Mother?,5/12/2017,raena
Shameless (U.S.): Season 2: Father's Day,5/12/2017,raena
Shameless (U.S.): Season 2: A Beautiful Mess,4/12/2017,raena
Shameless (U.S.): Season 2: I'll Light a Candle For You Every Day,4/12/2017,raena
Shameless (U.S.): Season 2: Summer Loving,4/12/2017,raena
Shameless (U.S.): Season 2: Summertime,4/12/2017,raena
"Shameless (U.S.): Season 1: Father Frank, Full of Grace",3/12/2017,raena
Shameless (U.S.): Season 1: Killer Carl,3/12/2017,raena
Shameless (U.S.): Season 1: Three Boys,3/12/2017,raena
Shameless (U.S.): Season 1: Casey Casden,3/12/2017,raena
Shameless (U.S.): Season 1: Aunt Ginger,3/12/2017,raena
Shameless (U.S.): Season 1: Frank the Plank,3/12/2017,raena
Scandal: Season 3: It's Handled,23/11/2017,raena
Scandal: Season 2: White Hat's Back On,22/11/2017,raena
Scandal: Season 2: Any Questions?,22/11/2017,raena
Scandal: Season 2: A Woman Scorned,22/11/2017,raena
Scandal: Season 2: Seven Fifty-Two,22/11/2017,raena
"Scandal: Season 2: Molly, You in Danger, Girl",22/11/2017,raena
Scandal: Season 2: Snake in the Garden,22/11/2017,raena
Stranger Things: Stranger Things 2: Chapter Eight: The Mind Flayer,16/11/2017,raena
Stranger Things: Stranger Things 2: Chapter Nine: The Gate,16/11/2017,raena
Switched at Birth: Season 1: This Is Not a Pipe,16/11/2017,raena
Dexter: Season 1: Dexter,16/11/2017,raena
Round Planet: Season 1: Arctic ,16/11/2017,raena
Scandal: Season 2: Top of the Hour,16/11/2017,raena
Scandal: Season 2: Boom Goes the Dynamite,14/11/2017,raena
Scandal: Season 2: Whiskey Tango Foxtrot,13/11/2017,raena
Scandal: Season 2: Nobody Likes Babies,9/11/2017,raena
Scandal: Season 2: Truth or Consequences,9/11/2017,raena
"Scandal: Season 2: A Criminal, a Whore, an Idiot and a Liar",9/11/2017,raena
Scandal: Season 2: One for the Dog,9/11/2017,raena
"Stranger Things: Stranger Things 2: Chapter Two: Trick or Treat, Freak",8/11/2017,raena
House of Cards: Season 1: Chapter 13,8/11/2017,raena
Scandal: Season 2: Blown Away,8/11/2017,raena
"Scandal: Season 2: Happy Birthday, Mr. President",7/11/2017,raena
Scandal: Season 2: Defiance,7/11/2017,raena
House of Cards: Season 1: Chapter 2,6/11/2017,raena
Scandal: Season 2: Spies Like Us,6/11/2017,raena
Scandal: Season 1: Dirty Little Secrets,6/11/2017,raena
Sherlock: Series 1: A Study in Pink,2/11/2017,raena
The Inbetweeners: Season 3: The Camping Trip,21/10/2017,raena
The Inbetweeners: Season 3: Home Alone,21/10/2017,raena
The Inbetweeners: Season 2: Exam Time,20/10/2017,raena
The Inbetweeners: Season 2: The Duke of Edinburgh Awards,19/10/2017,raena
The Inbetweeners: Season 2: A Night Out in London,19/10/2017,raena
The Inbetweeners: Season 2: Will's Birthday,19/10/2017,raena
The Inbetweeners: Season 2: Work Experience,19/10/2017,raena
The Inbetweeners: Season 2: The Field Trip,19/10/2017,raena
The Inbetweeners: Season 1: Xmas Party,19/10/2017,raena
The Inbetweeners: Season 1: Caravan Club,19/10/2017,raena
Scandal: Season 1: Sweet Baby,17/10/2017,raena
Scandal: Season 2: All Roads Lead to Fitz,17/10/2017,raena
House of Cards: Season 1: Chapter 1,16/10/2017,raena
Scandal: Season 2: Beltway Unbuckled,16/10/2017,raena
Scandal: Season 2: Hunting Season,12/10/2017,raena
Scandal: Season 2: The Other Woman,12/10/2017,raena
Scandal: Season 2: White Hat's Off,12/10/2017,raena
Scandal: Season 1: Grant: For the People,11/10/2017,raena
Scandal: Season 1: The Trail,11/10/2017,raena
Killer Women with Piers Morgan: Series 1: Episode 2,11/10/2017,raena
Killer Women with Piers Morgan: Series 1: Episode 1,10/10/2017,raena
Scandal: Season 1: Crash and Burn,10/10/2017,raena
Black Mirror: Season 3: San Junipero,9/10/2017,raena
Scandal: Season 1: Enemy of the State,9/10/2017,raena
Scandal: Season 1: Hell Hath No Fury,9/10/2017,raena
Atypical: Season 1: Antarctica,30/8/2017,raena
Parks and Recreation: Season 6: Fluoride,7/8/2017,raena
Parks and Recreation: Season 5: Soda Tax,5/8/2017,raena
Parks and Recreation: Season 5: Ms. Knope Goes to Washington,5/8/2017,raena
"Parks and Recreation: Season 4: Win, Lose, or Draw",5/8/2017,raena
Parks and Recreation: Season 4: Bus Tour,5/8/2017,raena
Parks and Recreation: Season 4: The Debate,5/8/2017,raena
Parks and Recreation: Season 4: Live Ammo,5/8/2017,raena
The Boy in the Striped Pajamas,2/8/2017,raena
Gilmore Girls: Season 2: Teach Me Tonight,1/8/2017,raena
Gilmore Girls: Season 2: Back in the Saddle Again,1/8/2017,raena
"Gilmore Girls: Season 6: I'm OK, You're OK",1/8/2017,raena
Gilmore Girls: Season 6: Bridesmaids Revisited,1/8/2017,raena
